,"Динамика населения на 2016 г., в %","Динамика населения на 2018 г., в %","Динамика населения на 2020 г., в %","Динамика населения на 2021 г., в %","Динамика населения на 2022 г., в %","Динамика среднедушевых денежных доходов на 2019 г., в %","Динамика среднедушевых денежных доходов на 2020 г., в %",Реальные денежные доходы в 2016 году в % к предыдущему году,Реальные денежные доходы в 2017 году в % к предыдущему году,Реальные денежные доходы в 2018 году в % к предыдущему году,Реальные денежные доходы в 2019 году в % к предыдущему году,Реальные денежные доходы в 2020 году в % к предыдущему году,"Среднемесячная номинальная начисленная заработная плата в 2020 году, руб.","Динамика среднемесячной номинальной начисленной зарплаты в 2016 г., руб.","Динамика среднемесячной номинальной начисленной зарплаты в 2017 г., руб.","Динамика среднемесячной номинальной начисленной зарплаты в 2018 г., руб.","Реальная начисленная заработная плата в 2016 году в % к предыдущему году, руб.","Реальная начисленная заработная плата в 2019 году в % к предыдущему году, руб.","Реальная начисленная заработная плата в 2020 году в % к предыдущему году, руб.","Динамика ВРП на душу населения в 2015 году, руб.","Динамика ВРП на душу населения в 2016 году, руб.","Динамика ВРП на душу населения в 2017 году, руб.","Динамика ВРП на душу населения в 2018 году, руб.","Динамика ВРП на душу населения в 2019 году, руб.","Динамика ВРП на душу населения в 2020 году, руб.","ВРП на душу населения в 2020 году, руб.","Расходы на соцполитику от общих расходов бюджета региона в 2015 году, % в год","Расходы на соцполитику от общих расходов бюджета региона в 2016 году, % в год","Расходы на соцполитику от общих расходов бюджета региона в 2017 году, % в год","Расходы на соцполитику от общих расходов бюджета региона в 2020 году, % в год","Оборот розничной торговли на душу населения в 2014 году, руб.","Оборот розничной торговли на душу населения в 2021 году, руб.","Динамика оборота розничной торговли на душу населения на 2015 г., в %","Динамика оборота розничной торговли на душу населения на 2016 г., в %","Динамика оборота розничной торговли на душу населения на 2017 г., в %","Динамика оборота розничной торговли на душу населения на 2018 г., в %","Динамика оборота розничной торговли на душу населения на 2019 г., в %","Динамика оборота розничной торговли на душу населения на 2020 г., в %","Динамика оборота розничной торговли на душу населения на 2021 г., в %","Отношение числа людей с инвалидностью в возрасте 18_30 ко всему населению в регионе на 2022 г., в %","Отношение числа людей с инвалидностью в возрасте 51_60 ко всему населению в регионе на 2022 г., в %","Отношение числа людей с инвалидностью в возрасте 60_ ко всему населению в регионе на 2022 г., в %",Динамика процента людей за чертой бедности в 2016 году,Динамика процента людей за чертой бедности в 2017 году,Динамика процента людей за чертой бедности в 2018 году,Динамика процента людей за чертой бедности в 2019 году,Динамика процента людей за чертой бедности в 2020 году,Процент малоимущих среди детей до 16 лет в 2017 году,Процент малоимущих среди населения старше трудоспособного возраста в 2017 году,Процент малоимущих среди населения трудоспособного возраста в 2017 году,Процент малоимущих среди детей до 16 лет в 2018 году,Процент малоимущих среди населения старше трудоспособного возраста в 2018 году,Процент малоимущих среди населения трудоспособного возраста в 2018 году,Процент малоимущих среди детей до 16 лет в 2019 году,Процент малоимущих среди населения старше трудоспособного возраста в 2019 году,Процент малоимущих среди населения трудоспособного возраста в 2019 году,Динамика новорождённых в 2016 году,Динамика новорождённых в 2017 году,Динамика новорождённых в 2018 году,Динамика новорождённых в 2019 году,Динамика новорождённых в 2020 году,Динамика новорождённых в 2021 году,"Отношение числа умерших за 2015 год детей в городской местности к числу новорожденных, в %","Отношение числа умерших за 2016 год детей в городской местности к числу новорожденных, в %","Отношение числа умерших за 2017 год детей в городской местности к числу новорожденных, в %","Отношение числа умерших за 2018 год детей в городской местности к числу новорожденных, в %","Отношение числа умерших за 2019 год детей в городской местности к числу новорожденных, в %","Отношение числа умерших за 2020 год детей в городской местности к числу новорожденных, в %","Отношение числа умерших за 2019 год детей в сельской местности к числу новорожденных, в %","Отношение числа умерших за 2020 год детей в сельской местности к числу новорожденных, в %"
Белгородская область,0.142189,-0.192483,0.111993,-0.50944,-0.606128,5.114042,1.511499,100.8,99.1,98.7,100.6,98.1,37442.0,6.422847,7.290244,9.585082,100.8,104.0,104.8,11.675766,12.029877,7.628147,9.064136,4.890073,4.719995,646569.0,11.3,11.8,16.4,16.1,164079.0,259151.0,8.543446,8.089412,5.607156,6.768881,6.286309,2.761981,9.31136,0.317772,1.754338,8.271597,-0.4000000000000003,-0.2999999999999998,-0.2999999999999998,0.2999999999999998,-0.5999999999999996,43.4,11.8,44.8,44.8,12.9,42.3,0.0,0.0,0.0,-3.375504,-12.444238,-5.260372,-7.822322,-6.410062,-1.044365,0.380653828929691,0.4171253113956318,0.2845232581221465,0.2793686269031987,0.1742688286103955,0.2023963730569948,0.1212304894681012,0.1781088082901554
Брянская область,-0.583889,-0.782283,-0.641233,-0.822564,-1.176225,6.718074,0.793063,95.0,99.4,102.1,100.5,96.3,31946.0,5.738272,7.939624,10.1362,98.5,104.0,102.9,12.740296,17.040302,8.454946,8.522607,9.159733,4.440373,347204.5,22.0,26.6,24.7,23.1,158501.0,257679.0,11.701503,1.535742,7.236033,8.928544,7.539038,-0.077496,14.197648,0.286797,1.431161,5.492094,0.3000000000000007,-0.200000000000001,-0.5999999999999996,0.200000000000001,-0.200000000000001,42.9,4.9,52.2,40.3,1.8,57.9,37.5,5.1,57.4,-4.890879,-13.648255,-3.713321,-9.852571,-5.464699,-4.567511,0.4762920309945261,0.5007848120188354,0.562624426555873,0.296655879180151,0.2592740327084164,0.3059071729957806,0.1096928599920223,0.1265822784810126
Владимирская область,-0.600805,-0.81045,-0.541,-1.201178,-1.373967,7.727601,2.22415,92.2,100.9,96.4,101.9,98.0,35240.0,5.268669,7.320469,12.91937,99.2,103.5,103.0,12.969673,17.786271,4.949539,7.633849,12.777785,4.02557,410443.6,18.1,18.0,24.0,26.0,129564.0,207670.0,7.59779,3.037846,6.575329,7.466947,6.523259,1.386012,16.878658,0.27983,1.247376,5.846899,-0.0999999999999996,-1.4000000000000004,-0.0999999999999996,-0.5,-0.0999999999999996,34.8,8.6,56.6,48.9,8.3,42.8,34.8,4.8,60.4,-3.8197,-14.474524,-5.502053,-11.850213,-9.302742,-3.359684,0.4667157946450503,0.4597114033967565,0.4404628592758492,0.355506399115184,0.3853737228894067,0.5039525691699606,0.1344326940311883,0.0988142292490118
Воронежская область,0.099951,-0.070223,-0.155338,-0.800145,-0.777669,5.721549,0.17488,93.6,97.4,100.0,101.1,95.4,36317.0,5.737573,6.348965,11.425715,99.1,103.4,103.2,12.195301,2.630779,5.489177,9.091864,5.609904,6.633421,459629.5,15.2,15.4,22.8,21.6,181499.0,296665.0,9.539997,4.941302,6.069843,7.072236,6.300406,0.212004,17.530188,0.285573,1.514374,5.87421,-0.0999999999999996,-0.4000000000000003,-0.0999999999999996,0.0,-0.4000000000000003,38.6,5.9,55.6,32.6,8.0,59.4,45.2,5.4,49.4,-3.803425,-10.085011,-4.642555,-8.133009,-2.4538,-2.964355,0.3896003703132233,0.3849546876253107,0.4013735896178031,0.3601159854082874,0.3767245329124879,0.3026981890298001,0.0356361044646948,0.0626272115234069
Ивановская область,-0.681931,-0.833097,-0.701567,-1.013203,-1.024688,5.268743,1.872528,98.5,100.4,94.4,99.5,97.2,29083.0,4.645338,5.988078,9.625053,97.6,102.1,101.6,19.622262,14.778905,3.998715,10.456211,8.364727,9.707819,273821.5,18.1,28.9,28.7,25.1,138185.0,211546.0,3.737019,0.152774,7.261367,6.037287,9.325127,1.006627,17.320896,0.265734,1.091494,4.940333,-1.0999999999999996,-0.5999999999999996,0.3999999999999986,-0.5,-0.5,33.2,10.9,55.9,31.2,9.5,59.3,47.5,5.0,47.5,-4.906045,-11.686338,-7.522527,-12.951609,-4.879889,-3.120455,0.4081285604965564,0.4560085836909871,0.3138604839526172,0.3065469673746441,0.3898880643944158,0.3305566574110802,0.1131933090177336,0.0396667988893296
Калужская область,-0.070659,-0.237933,-0.674176,-0.15909,1.185238,7.775756,3.338217,97.7,95.2,98.0,102.8,99.2,43994.0,5.771736,8.415701,11.257719,98.3,103.9,102.4,3.805115,20.271714,11.491339,11.35162,7.894064,3.008931,558174.6,14.5,20.0,18.6,16.9,161623.0,235693.0,3.453098,4.833616,4.71401,6.231578,7.932324,2.004238,9.792148,0.290173,1.125642,4.683347,-0.5,-0.3000000000000007,0.4000000000000003,-0.200000000000001,-0.5,41.5,8.0,50.6,40.8,5.5,53.7,31.1,18.4,50.4,-4.178708,-10.69449,-5.503834,-13.097653,-0.088919,-3.949271,0.671717566195423,0.6031953048581675,0.3194596568090543,0.4153385492127885,0.3223296654440369,0.2224941595283124,0.0778037123485606,0.0889976638113249
Костромская область,-0.449273,-0.745653,-0.609164,-0.78341,-1.216856,6.615787,1.957682,98.1,99.8,94.7,100.9,97.3,32220.0,5.473481,6.807604,12.91032,98.5,108.1,98.6,9.851834,6.514939,5.512441,8.380728,6.621344,1.423586,323951.6,14.9,15.2,22.2,22.5,114959.0,217379.0,13.95541,10.011298,4.578225,5.506419,7.894273,4.674559,21.043839,0.296242,1.321411,5.685626,-0.6000000000000014,-0.2999999999999989,-0.7000000000000011,-0.0999999999999996,-0.0999999999999996,40.8,7.7,51.4,46.8,1.1,52.1,42.1,6.3,51.6,-3.923492,-11.753446,-10.22415,-6.862113,-6.57212,-8.922621,0.4659146640510054,0.4849412965798876,0.4483007953723789,0.4188144329896907,0.6226219301279834,0.5368382080710848,0.1210653753026634,0.2406516105146242
Курская область,0.236357,-0.68181,-0.273974,-0.681154,-1.176848,6.870761,2.185324,93.2,99.1,100.1,100.9,97.8,35805.0,5.877681,7.687448,9.763878,98.4,103.8,105.3,12.922476,12.18988,7.021762,12.219038,10.692153,8.400413,487030.7,17.8,17.7,24.7,23.2,146850.0,238933.0,9.439564,5.208074,4.214523,8.930923,7.754305,0.147465,15.351898,0.427932,2.072843,5.975448,0.0999999999999996,-0.1999999999999993,-0.4000000000000003,0.0,0.0,33.8,8.1,58.1,37.4,7.6,55.0,47.0,5.9,47.2,-5.219591,-12.801229,-4.720393,-9.246642,-2.284427,-3.347602,0.2605963056641374,0.3477276403040595,0.3338588518965037,0.3795989877360327,0.2895752895752895,0.3402480518055098,0.1501501501501501,0.1207331796729228
Липецкая область,-0.15304,-0.520662,-0.40768,-0.981155,-1.286306,8.227258,-0.778965,96.8,100.1,100.1,102.6,94.9,36790.0,6.891209,8.548867,11.129854,100.4,103.3,103.3,12.864908,11.720785,4.456107,16.340399,-5.180549,9.320559,546151.3,14.6,21.9,21.4,22.3,171096.0,272834.0,9.063333,4.775379,5.105517,8.873652,7.971627,-2.075623,15.337854,0.323791,1.5658,6.287892,-0.1000000000000014,-0.3999999999999986,-0.1000000000000014,-0.0999999999999996,-0.1999999999999993,30.4,12.9,56.7,41.0,4.3,54.7,46.4,4.8,48.8,-2.710128,-11.73777,-5.698227,-9.875298,-4.476549,-4.217702,0.4232254232254231,0.4655422422346027,0.2075226977950713,0.2200623509994498,0.1526096245803235,0.2343167536478858,0.1424356496083019,0.1384598998828416
Московская область,1.211149,1.076518,1.200266,0.229311,0.783278,5.578545,-0.328383,99.7,100.0,102.6,102.1,97.8,58066.0,4.952882,9.799325,10.89333,96.3,102.2,101.8,14.495216,30.515695,0.728834,6.997084,9.062597,1.944662,683845.1,15.3,20.3,18.6,19.4,220314.0,422211.0,7.642728,8.770325,8.747398,11.185855,8.310863,2.886796,21.476497,0.208396,0.78297,3.255901,-0.5000000000000009,0.1000000000000005,-0.6000000000000005,0.0,-0.5,42.8,6.7,50.5,38.4,6.7,54.9,49.1,11.5,39.3,2.238932,-8.186307,-6.677317,-11.111781,7.29137,-7.061322,0.436169313957418,0.4059581852739443,0.3600238515801672,0.3749336933982736,0.3621271920901656,0.2781043396918098,0.0393321669311415,0.032866876509032
Орловская область,-0.720044,-1.002761,-0.807203,-1.201367,-1.461599,4.695722,2.988797,96.0,99.7,100.5,99.1,98.6,31862.0,6.22359,7.281532,10.741203,98.6,103.2,103.7,17.23284,10.52494,1.948803,8.02117,8.517371,8.160804,390170.2,18.1,18.5,26.9,25.0,131430.0,223131.0,14.668645,3.728377,6.195307,7.074747,6.304076,3.182088,14.439652,0.328528,1.211185,5.006764,-0.3000000000000007,-0.2999999999999989,-0.4000000000000003,0.0999999999999996,-0.6999999999999993,35.1,7.9,57.0,39.8,4.7,55.5,38.9,6.3,54.7,-3.162563,-13.919017,-5.711886,-11.180401,-4.129054,-5.945946,0.5018088458396546,0.4338394793926247,0.3639927201455971,0.311804008908686,0.3343363423604146,0.3661726242371403,0.2006018054162487,0.2092414995640802
Рязанская область,-0.469863,-0.467278,-0.474807,-0.955046,-1.193254,5.679808,1.584468,94.2,97.3,100.3,99.9,97.2,36459.0,6.981399,5.715124,10.746383,100.7,102.7,101.8,9.827746,13.768773,8.351074,5.882611,5.367024,5.235909,412845.1,16.2,15.9,23.0,22.0,140026.0,225488.0,6.18528,1.588572,6.009308,7.94874,8.063452,5.139942,14.814683,0.330368,1.599868,7.693116,-0.1999999999999993,0.5,-0.3000000000000007,-0.3000000000000007,0.1000000000000014,37.6,9.0,53.5,33.6,6.4,60.0,30.2,9.6,60.2,1.32985,-13.827045,-6.998459,-9.961985,-5.80275,-7.665786,0.4591150162273411,0.3359112569330521,0.3444837276765479,0.3801540111121942,0.3897369275738876,0.3562808872543386,0.1082602576594132,0.1723939777037122
Смоленская область,-0.638584,-0.404217,-0.793113,-1.472046,-1.22361,5.79419,2.789543,93.1,100.9,101.0,100.4,98.3,33139.0,6.932254,4.669881,11.907572,100.4,101.8,102.5,9.898775,11.19515,11.074286,7.449716,4.680529,4.16768,386274.8,16.4,17.3,25.5,27.2,150008.0,211221.0,9.079516,-2.236781,3.995174,7.861312,5.220774,-1.403035,13.464514,0.284111,1.240636,4.652714,0.1999999999999993,-0.9000000000000021,-0.5,-0.0999999999999978,-0.7000000000000011,32.1,10.3,57.7,33.0,9.6,57.4,39.1,8.9,51.9,-3.258096,-12.172855,-9.69046,-9.336232,-7.546904,-6.48459,0.5103042198233563,0.476770135930209,0.4042504042504042,0.4604169331116511,0.3526590492312033,0.411962160512664,0.0564254478769925,0.183094293561184
Тамбовская область,-1.141355,-0.651238,-0.907314,-1.224537,-1.351139,4.942597,-0.941252,95.8,97.0,98.8,98.1,94.3,31063.0,4.925201,6.39614,9.924545,97.9,101.9,104.1,12.026859,2.143062,0.79136,11.172638,1.929076,8.03047,378455.8,14.8,15.1,22.4,23.9,157556.0,222950.0,9.609282,5.194098,3.363315,4.173057,6.911641,-5.188111,12.440867,0.300922,1.734993,6.69542,-0.0999999999999996,-0.1999999999999993,-0.5999999999999996,0.8999999999999986,0.1000000000000014,32.7,8.2,59.1,32.2,1.3,66.5,41.0,5.1,53.9,-3.164191,-11.257223,-6.94881,-6.816263,-3.767478,-2.892506,0.1929384526336098,0.2789400278940028,0.1347103726986978,0.2050910845699119,0.2330398757120663,0.1345351809498184,0.1553599171413775,0.1883492533297457
Тверская область,-0.785281,-0.996762,-0.729107,-1.171076,-1.238661,8.302488,1.727243,94.4,97.5,99.8,103.2,97.4,36077.0,5.599903,5.417478,12.447487,98.8,103.9,103.9,4.921749,21.423167,6.701556,13.170663,3.949852,2.136319,391722.2,15.3,16.8,23.1,22.5,153135.0,233777.0,5.241127,2.155608,1.746287,4.597934,10.082072,3.556152,17.042997,0.29467,1.145677,4.672774,-0.1999999999999993,-0.4000000000000003,-0.200000000000001,-0.5,-0.2999999999999989,38.4,7.4,54.2,43.8,4.5,51.7,36.7,13.8,49.4,-1.542625,-12.060198,-9.025553,-7.077822,-6.868183,-6.253102,0.4803788903924221,0.5291368884002199,0.328201922325545,0.2834564507816526,0.2958032908116103,0.3275434243176178,0.1201700868922166,0.119106699751861
Тульская область,-0.470675,-0.504329,-0.858185,-1.160336,-1.141731,4.958101,2.899464,97.9,97.7,95.9,99.9,98.2,40889.0,6.702958,7.601524,9.561589,99.7,105.7,103.3,16.73352,16.202132,8.147352,12.950472,3.120227,5.10707,486544.2,19.7,18.8,25.1,23.3,152864.0,240438.0,9.772085,1.741934,7.185825,6.440137,7.198965,-1.507663,16.914983,0.326755,1.586031,6.097573,-0.5999999999999996,-0.0999999999999996,0.0999999999999996,0.3000000000000007,-0.200000000000001,42.5,1.7,55.8,35.4,4.2,60.4,43.0,3.2,53.7,-3.281902,-12.271984,-7.728425,-9.490348,-3.515974,-6.233814,0.5058808650562793,0.4838182412553122,0.5365926367565956,0.3876908165737824,0.3569516330537212,0.4532001479837217,0.1249330715688024,0.1387347391786903
Ярославская область,0.022255,-0.397565,-0.494041,-0.954612,-1.13104,5.924968,2.98695,93.0,98.0,96.2,99.5,98.2,37820.0,6.624794,7.713885,8.964844,98.7,101.6,100.9,13.172524,12.639917,7.412959,9.657928,4.486622,2.517327,495102.2,16.0,18.0,23.3,23.5,149623.0,247711.0,7.503526,0.646565,9.342764,5.449821,7.125714,2.221911,21.185777,0.219899,0.991052,5.144604,0.1999999999999993,-0.3000000000000007,-0.5,0.1000000000000014,-0.4000000000000003,37.7,4.4,57.9,41.3,6.4,52.3,34.4,8.0,57.7,-1.118149,-12.92895,-6.688687,-9.332261,-6.086957,-3.269085,0.4588934850051706,0.4117916203673443,0.4729374671571204,0.2574416733708769,0.2218278615794143,0.3023431594860166,0.1064773735581189,0.0755857898715041
Москва,1.086526,1.016133,0.497809,-0.181644,-0.154752,8.201115,2.92872,95.7,101.5,103.3,104.2,100.2,100070.0,10.99207,3.408566,13.53303,103.0,107.6,103.1,4.843929,11.009986,8.593515,12.481232,4.056931,0.775155,1567644.8,17.7,16.6,15.8,17.5,365089.0,477554.0,-3.736349,-1.378867,4.843884,5.125333,5.604477,1.300858,16.85451,0.24026,0.976307,5.261523,-0.4000000000000003,-1.0,-0.9000000000000004,-0.1999999999999993,-0.4000000000000003,45.6,7.3,47.1,34.4,7.3,58.4,40.2,11.3,48.5,2.009973,-7.822956,-0.686389,2.547191,-9.411325,6.412519,0.5934405506004635,0.5583399884338942,0.56987504574685,0.5271865834398737,0.4708229133817846,0.3562060814092808,0.0036668451197958,0.0080955927593018
Республка Карелия,-0.420215,-0.733396,-0.645896,-0.813107,-0.985764,5.845626,5.603811,94.9,100.7,102.3,100.8,100.8,46501.0,7.676524,4.152929,14.427601,101.1,104.5,104.1,11.306943,17.527419,9.778209,11.951465,8.781363,-1.061029,522245.3,19.7,19.9,29.6,24.2,153651.0,252304.0,7.110269,3.764218,5.577059,8.926482,6.723391,8.099507,11.358571,0.327493,1.134037,6.428639,0.5,-0.1999999999999993,-0.9000000000000004,0.0999999999999996,-0.5999999999999996,34.8,6.6,58.7,38.9,6.9,54.2,42.2,6.0,51.8,-2.923296,-13.710859,-6.62446,-8.384323,-6.155235,-1.442585,0.4268529297632906,0.5596269153897402,0.4014823965410747,0.4299652720357202,0.3429602888086642,0.3654548951721484,0.1263537906137184,0.0769378726678207
Республика Коми,-0.878388,-1.138199,-1.175812,-0.838906,-1.243009,3.762399,3.736282,94.7,97.5,101.1,97.1,98.0,57156.0,5.553004,4.642481,10.339469,99.2,100.4,102.1,10.102139,10.398436,6.163963,15.796402,4.787031,-14.194402,749219.3,14.7,16.6,23.9,22.7,181937.0,221863.0,-3.875517,-2.234027,3.871821,4.163312,6.269967,2.585558,10.010165,0.345872,1.190949,4.287615,0.5000000000000018,-0.4000000000000021,-0.7999999999999989,0.5999999999999996,-0.1999999999999993,34.8,8.5,56.8,38.0,7.6,54.4,39.7,6.4,53.9,-4.730016,-13.106148,-11.918902,-7.637759,-4.64443,-4.316262,0.3475459862676952,0.3736987276448082,0.358386237968462,0.3487561032318065,0.3901825047199497,0.1847940865892291,0.1132787916928886,0.0527983104540654
Ненецкий автономный округ,1.072096,0.136559,0.64341,0.630228,0.340174,3.172542,3.832628,90.8,100.9,105.9,99.8,101.1,92237.0,0.87042,3.233125,11.612042,92.0,102.7,101.4,20.35358,14.479698,1.352634,20.696279,3.208584,-30.863851,5206287.1,13.6,15.2,16.9,14.4,178374.0,235547.0,7.75169,6.189354,5.3063,2.762333,1.232885,1.171356,4.129422,0.287382,0.956444,3.742703,0.6999999999999993,0.5,-0.9000000000000004,-0.2999999999999989,0.0,50.5,1.0,48.4,50.5,5.5,44.0,45.6,2.0,52.4,6.036745,-16.460396,-9.925926,-2.796053,0.507614,-6.902357,0.3937007874015747,0.1237623762376237,0.5925925925925926,0.0,0.1692047377326565,0.3367003367003366,0.0,0.3367003367003366
Вологодская область,-0.279175,-0.60573,-0.622413,-0.810293,-1.00283,5.010748,4.192843,99.2,94.2,100.6,100.4,99.6,42775.0,6.769903,8.012831,12.151275,99.8,106.0,105.4,23.972945,6.802249,6.914681,14.230601,3.067764,0.565379,544379.2,20.3,21.4,28.9,25.9,125014.0,208031.0,5.816149,2.977662,6.964265,9.178442,6.970487,7.489981,13.727859,0.259851,1.129795,5.133484,-0.6999999999999993,0.0999999999999996,-0.4000000000000003,-0.5999999999999996,-0.0999999999999996,38.2,9.8,51.9,37.8,6.9,55.3,38.2,3.3,58.5,-3.980221,-14.094984,-8.9254,-8.337396,-5.159574,-2.617312,0.3662780050057994,0.4132494119142984,0.4588513913558318,0.3900536323744514,0.3723404255319149,0.3365114974761637,0.2127659574468085,0.2149934567208824
Калининградская область,0.773523,0.845415,1.030247,0.603647,0.888846,5.429518,1.95496,94.6,100.7,101.8,101.4,99.2,36647.0,4.207062,3.833486,9.172662,97.1,101.7,99.2,10.613783,18.179806,6.110773,9.557297,4.419502,2.733669,530036.9,10.0,8.4,9.7,12.6,136627.0,218937.0,6.819296,4.947788,3.53018,7.503216,5.560509,1.854414,19.451022,0.258349,0.909526,4.039689,0.5,-0.2999999999999989,-0.200000000000001,-0.0999999999999996,0.0,35.9,10.6,53.5,34.8,14.9,50.3,36.8,6.0,57.1,-1.88512,-10.206092,-5.440746,-10.008703,-0.214915,-4.11372,0.4994763554338193,0.3859101732490352,0.4114850036576444,0.4061502756019727,0.5050505050505051,0.3230669825543829,0.0967117988394584,0.0538444970923971
Ленинградская область,0.186816,1.222156,1.515531,0.897663,0.997247,3.079034,2.609422,104.3,101.0,104.4,100.7,100.8,48286.0,6.833157,8.298687,10.927211,99.3,102.2,101.1,20.292396,11.732144,4.105681,12.724159,4.919868,0.554814,661328.6,12.5,17.5,17.1,16.7,156780.0,298432.0,11.731726,9.558551,7.131729,7.721153,6.424988,8.458311,16.736425,0.178386,0.852957,4.42214,-0.6000000000000014,-0.6999999999999993,-0.5999999999999996,0.4000000000000003,-0.1000000000000014,31.5,6.4,62.1,19.0,17.0,64.1,0.0,0.0,0.0,1.434337,-8.23335,-6.457208,-3.900735,-1.550905,-1.41705,0.4098106178205526,0.3183153770812928,0.3201921152691614,0.2495899593524923,0.2003561887800534,0.2864249641968794,0.0964677945978035,0.1055249868093766
Мурманская область,-0.536096,-0.536416,-0.889238,-1.151869,-1.147826,6.431046,4.787847,94.2,100.2,102.0,100.8,100.4,69135.0,6.516776,6.013963,11.771162,99.2,104.8,105.1,23.03609,16.954124,3.228948,9.391269,19.363041,29.452106,1072337.1,16.4,18.1,25.9,22.8,196946.0,262676.0,2.098545,1.281089,6.270408,4.420469,6.35465,1.036392,8.16656,0.216854,0.582095,2.100208,-0.6999999999999993,-0.6999999999999993,-1.4000000000000004,0.6999999999999993,-0.5,42.3,2.8,54.8,38.5,5.9,55.5,36.9,6.2,56.9,-5.857787,-8.708849,-5.409207,-9.598486,-3.080604,-6.912514,0.5824815913836686,0.3735699276208265,0.5242966751918159,0.5272407732864675,0.493494840735756,0.3857429409041815,0.0149543891132047,0.0
Новгородская область,-0.486663,-0.987067,-0.631022,-0.68616,-1.06108,2.811166,1.019113,91.8,97.6,94.2,97.7,96.8,34169.0,5.951568,5.004657,7.338542,99.0,98.0,102.4,12.445498,8.653111,1.993846,2.231607,6.389838,3.10857,471333.3,18.0,18.8,25.0,25.3,155324.0,232454.0,11.624733,1.93794,3.861605,4.12388,5.366364,1.566596,13.643319,0.30727,1.257232,5.921222,0.9000000000000004,-0.9000000000000004,-0.3000000000000007,0.200000000000001,-0.200000000000001,30.4,11.0,58.5,24.0,12.0,64.0,38.8,4.7,56.5,-1.480174,-14.073053,-6.191851,-11.354309,-5.748457,-6.385591,0.2851711026615969,0.372157133011716,0.4170676932948348,0.3248974008207934,0.3665123456790123,0.2455996725337699,0.1736111111111111,0.1637331150225133
Псковская область,-0.727068,-0.874854,-0.561581,-0.936889,-1.111328,6.884422,3.573108,95.0,101.0,98.6,101.4,99.8,31496.0,3.925208,5.625251,13.576229,97.1,104.9,103.9,10.075149,18.538792,4.97889,10.04361,9.980022,3.726726,325659.6,18.1,16.8,23.8,24.7,144799.0,234834.0,8.220361,-1.412873,7.939128,6.222377,8.71794,4.333467,16.881682,0.33227,1.136045,4.42826,0.0,-1.3000000000000007,-0.6999999999999993,-0.8000000000000007,0.0,38.1,5.2,56.7,34.1,3.7,62.1,38.0,10.1,51.9,-0.598636,-14.509804,-3.849934,-9.217925,-6.25,0.780781,0.5151051092858138,0.4621848739495798,0.3112712975098296,0.2896575225762481,0.3378378378378378,0.2002002002002001,0.2252252252252252,0.2002002002002001
Санкт-Петербург,0.654893,1.332102,0.263267,-0.254202,-0.127016,4.822329,4.320634,100.4,103.1,104.2,101.1,101.1,68667.0,10.220201,10.342279,12.43208,103.0,104.7,101.0,26.143147,19.998933,3.225574,10.6602,6.633976,2.163999,971158.0,13.8,12.6,12.8,19.8,197144.0,357665.0,11.466745,6.915586,6.177138,5.475828,5.665476,1.966356,26.163164,0.248535,0.956262,7.471739,-0.1999999999999993,-1.0000000000000009,-0.7999999999999998,-0.0999999999999996,-0.5,26.6,0.0,73.4,25.7,9.8,64.6,0.0,0.0,0.0,3.045599,-8.67328,-3.858289,-7.802782,-6.030815,-3.67972,0.4383174266525274,0.3938034275991712,0.3696024519967547,0.3734958587279262,0.3627303083207621,0.3445228088529735,0.0,0.0
Республика Адыгея,0.514058,0.002206,1.834879,0.017059,1.116876,5.669074,4.046024,102.2,101.6,102.3,102.7,101.4,32161.0,4.627156,5.976027,12.164149,97.7,105.7,102.9,10.854446,19.367602,8.291023,9.173945,9.065095,7.300524,309184.1,17.6,15.5,24.4,20.2,164975.0,299840.0,-1.426883,8.912748,7.41044,10.16926,5.669272,4.505843,29.550178,0.304693,1.29991,3.805355,-0.5,-0.4000000000000003,-0.1999999999999993,-0.200000000000001,-0.0999999999999996,38.5,10.7,50.8,39.5,11.5,49.0,37.7,10.8,51.5,-2.886157,-12.217942,-5.726228,-6.87209,5.165437,3.055681,0.338499910921076,0.1100715465052284,0.3343782654127482,0.2438483706495234,0.3808616995953344,0.1584427342688999,0.0952154248988336,0.1584427342688999
Республика Калмыкия,-0.652614,-0.860322,-0.554563,-0.424512,-0.825234,8.347969,7.040199,96.0,98.8,101.3,102.6,102.4,32013.0,6.012233,7.510085,13.656791,99.5,104.9,107.6,11.960839,34.54859,15.875368,8.474485,4.113006,5.435989,344933.1,16.8,15.5,25.0,24.3,62779.0,97566.0,1.98474,5.540023,5.03463,9.688055,6.915864,3.325564,13.446199,0.619594,1.567098,3.955467,-2.8000000000000007,-2.3999999999999986,-0.6999999999999993,-0.1000000000000014,-0.8000000000000007,37.5,5.4,57.1,36.8,2.1,61.1,0.0,0.0,0.0,-8.658122,-13.287514,0.495376,-7.295432,-1.736973,-4.401154,0.3400470834423227,0.429553264604811,0.0990752972258916,0.1971738416036806,0.0,0.1082251082251082,0.1417936901807869,0.1803751803751803
Республика Крым,0.590269,0.08174,0.042054,-0.577427,-0.272668,3.90262,2.620283,102.1,106.4,105.9,99.0,99.5,34181.0,7.575758,8.388567,13.281101,96.2,105.3,101.5,39.140862,35.777593,5.968199,13.635546,7.31059,10.167445,270363.8,12.6,10.2,13.6,15.5,79010.0,176044.0,42.913555,1.963406,4.38102,11.452275,7.256981,3.070444,18.891613,0.254905,1.335641,3.470167,0.1999999999999993,-3.900000000000002,-2.099999999999998,-0.1000000000000014,0.0,42.2,6.3,51.5,44.9,5.5,49.6,40.2,7.5,52.3,-3.991483,-8.841052,-3.067455,-5.43826,-1.80077,-3.688785,0.258861842929314,0.2522287453794303,0.2337563209617403,0.1820955755696638,0.187363380868117,0.2543989824040704,0.2758405329447277,0.2861988552045791
Краснодарский край,1.108956,0.582935,0.482044,0.149503,0.060363,3.785058,3.265775,99.1,98.5,101.1,99.9,100.4,38499.0,7.348601,5.599638,11.544673,100.3,102.2,103.2,7.248202,15.495835,6.479525,2.476138,2.141915,1.506603,460720.2,15.4,16.1,23.3,25.7,196892.0,335663.0,7.492432,6.385723,3.886143,3.966072,6.210061,1.381791,28.185613,0.333001,1.186909,4.51811,-0.0999999999999996,-0.6999999999999993,-0.5999999999999996,0.0999999999999996,0.0,40.5,11.6,47.9,42.5,8.4,49.1,41.2,5.2,53.6,-0.493448,-9.283798,-4.867521,-3.934375,-3.193384,-0.111421,0.2831257078142695,0.2777551960545213,0.2494249783433402,0.2166575084386529,0.2500449427184624,0.2346585633493711,0.1242053310235499,0.1536253903941926
Астраханская область,-0.260554,-0.132697,-0.816812,-0.795799,-0.836659,5.496409,0.913059,90.1,97.1,100.6,100.7,97.1,38885.0,7.819915,7.660132,13.618703,101.4,103.0,104.5,8.656389,14.464667,20.181291,31.171942,4.591636,-11.64297,526950.9,18.8,20.5,27.7,31.4,162393.0,196096.0,5.228058,-3.88687,-0.250851,4.200111,4.945815,-2.58215,12.358546,0.271469,0.756698,2.302639,1.900000000000002,-0.6000000000000014,-0.4000000000000003,0.4000000000000003,0.0999999999999996,40.2,4.2,55.5,35.0,5.2,59.8,43.4,4.7,51.9,-4.067227,-13.658024,-4.228553,-6.737288,-0.854157,-1.851343,0.5983193277310924,0.4274702172389628,0.4220436652869085,0.4830508474576271,0.4906860517946388,0.4674182018146824,0.1635620172648796,0.1191458161488406
Волгоградская область,-0.448112,-0.549305,-0.656947,-0.661572,-1.00119,5.895761,2.922427,90.2,98.8,100.1,101.0,98.7,35962.0,9.002094,5.302403,10.485659,101.9,103.6,104.2,3.971531,11.983728,3.491372,9.721394,4.248478,2.490191,394256.5,18.0,26.7,24.7,25.1,126856.0,194191.0,7.168758,0.077234,6.711256,6.714146,7.786541,0.268267,15.972313,0.255043,1.09373,4.027462,0.200000000000001,-0.8000000000000007,-0.1999999999999993,-0.5,-1.0,34.6,6.3,59.1,41.6,9.9,48.4,35.3,4.7,59.9,-3.710739,-11.325208,-6.78902,-10.10058,-6.78392,-0.549255,0.4748660199443728,0.4262364379315204,0.2860207365033965,0.3366859870439823,0.2607376505167346,0.3356558002339419,0.151701905755191,0.1576565122310939
Ростовская область,-0.143326,-0.257672,-0.10706,-0.38913,-0.662994,5.695137,2.194979,96.7,100.6,102.3,100.9,98.6,35622.0,6.721849,6.785567,10.34386,100.1,102.7,102.1,18.131537,15.784894,5.037313,7.757133,6.067412,3.594383,403949.1,19.3,20.3,26.2,27.8,177702.0,277842.0,9.508616,3.570933,3.369421,4.942906,6.240938,0.248835,19.317186,0.328329,1.627031,4.385638,-0.200000000000001,-0.2999999999999989,-0.7000000000000011,0.1000000000000014,-0.3000000000000007,40.1,3.8,56.1,38.1,4.5,57.4,39.4,9.8,50.8,-3.718766,-11.50597,-5.642756,-8.137357,-3.409843,-1.926819,0.4203652289524107,0.4305093006254569,0.3923998347790169,0.3161555485298767,0.3097450559923755,0.3398656982321502,0.1720805866624308,0.2083047827874468
Севастополь,4.333627,1.846518,1.337058,13.549065,2.365723,4.949019,-1.004593,139.3,104.1,101.4,101.2,102.9,36300.0,11.035335,14.130838,14.905913,101.1,103.5,101.3,53.038804,77.046434,10.737205,18.15336,10.971225,-3.775534,295304.9,12.2,10.5,13.3,13.3,90459.0,187776.0,4.312451,54.276176,0.473296,2.044932,3.670899,-8.628356,32.813705,0.158795,0.610853,2.506048,-3.4000000000000004,-0.7999999999999989,-0.0999999999999996,0.7999999999999989,-0.5999999999999996,37.6,5.6,56.7,41.6,7.2,51.1,45.2,2.1,52.7,-1.133248,-10.427066,-9.886481,-2.267522,-0.984298,0.213018,0.4386766587461159,0.4437049362174154,0.392156862745098,0.2748511223087494,0.3515350363252871,0.3550295857988165,0.0,0.0
Республика Дагестан,0.845681,0.722739,0.801393,0.721505,0.655985,6.418171,0.923088,91.1,100.9,96.9,102.5,97.2,31342.0,7.224908,6.359979,14.648375,101.0,102.0,111.6,6.865965,7.559639,2.732332,4.954702,5.471516,3.344053,239640.7,13.7,29.1,27.3,28.3,171054.0,209177.0,20.365499,-4.643742,3.581743,-9.5805,4.134263,-1.647692,11.072348,1.135055,2.467962,2.925687,2.0,1.5,0.0999999999999996,0.0,0.200000000000001,40.9,5.3,53.8,38.3,7.9,53.7,42.1,7.9,50.0,-3.289233,-4.916484,-4.693772,-5.095913,2.175059,-4.678966,0.4074994517944594,0.3722318796765173,0.3100035769643495,0.2877397831526271,0.3295544423938835,0.2924353846815464,0.4547851305035592,0.3891970928482346
Республика Ингушетия,1.914881,1.575319,1.943735,1.676919,1.647516,2.790324,1.583002,100.0,99.3,100.9,101.7,99.7,29648.0,4.687864,1.165066,11.503297,99.3,104.9,104.3,-5.536945,14.052734,3.018382,8.962352,6.421058,-2.417873,142199.7,16.8,17.3,30.8,32.5,41805.0,57605.0,11.465136,-1.358427,1.085609,9.820506,1.322829,-1.912885,13.590204,1.471974,3.142209,3.099275,-0.5999999999999979,0.3000000000000007,0.7999999999999972,0.1000000000000014,-0.5,42.9,6.8,50.2,40.9,7.3,51.8,37.3,12.3,50.4,-6.121743,-1.75611,-1.0375,0.757863,6.092516,0.200874,0.587964030435785,0.5526218838265995,0.375,0.3536693191865605,0.3259370690735866,0.2835873803615739,0.2883289457189419,0.271771239513175
Республика Кабардино-Балкария,0.179503,0.158944,0.246012,0.09685,0.149104,3.215573,2.249232,97.3,99.1,99.8,98.5,98.7,29899.0,3.191795,5.805313,13.141954,96.2,101.6,105.0,2.885694,26.64116,1.261923,3.988565,5.705079,6.822795,210674.1,13.8,14.8,25.4,34.4,116477.0,217260.0,12.561278,4.489429,4.595092,2.761552,5.38962,-0.45495,40.643207,0.423671,1.475266,3.041171,4.699999999999999,-1.1000000000000014,-0.5,0.0,0.0,33.0,13.0,54.0,33.4,14.6,52.1,39.0,9.6,51.4,-3.452918,-9.014847,-1.902272,-8.344821,6.327083,-1.339117,0.3009424249623822,0.3691247641702895,0.2614496934727732,0.1746163036485617,0.2607039005314349,0.2074688796680498,0.2406497543367091,0.3300641267446246
Республика Карачаево-Черкессия,-0.269262,-0.027228,-0.007518,-0.036732,-0.244543,4.265692,0.680091,92.0,98.0,98.5,99.7,97.3,29865.0,5.046073,5.068226,12.333245,97.7,101.4,107.0,3.525396,16.684714,5.574126,3.68793,7.4154,4.96473,207471.5,14.3,15.8,24.6,26.5,78422.0,95066.0,-4.502563,2.057657,4.011409,3.573675,5.18102,-3.567923,13.831048,0.801777,2.60222,4.842973,1.0,-0.6000000000000014,-0.3999999999999986,0.5,-0.1000000000000014,35.6,7.9,56.5,38.2,11.0,50.8,38.3,11.0,50.7,-3.929002,-7.713004,-3.265306,2.672293,0.156556,-12.661196,0.3963467172152335,0.2690582959641255,0.2137998056365403,0.341571227647177,0.2152641878669276,0.2540054708870652,0.3131115459882583,0.2344665885111371
Республика Северная Осетия-Алания,-0.216229,-0.212865,-0.345512,-0.536567,-0.717647,5.052108,-2.318841,95.2,98.7,100.1,101.0,94.6,30479.0,7.236564,8.370604,9.07546,100.2,102.9,103.0,0.088553,18.223563,2.641981,5.918465,7.917238,7.914746,267814.4,14.2,15.1,26.3,25.0,131840.0,193290.0,9.720115,3.521482,4.298526,4.832059,4.28869,-4.267518,18.243326,0.303143,1.464707,4.643494,0.1000000000000014,0.0999999999999996,-0.4000000000000003,-0.1999999999999993,0.0999999999999996,34.3,10.4,55.3,35.7,9.2,55.2,34.0,11.2,54.8,-4.109854,-9.318273,1.423488,-5.822368,-5.029689,-0.809121,0.5705444347741998,0.4033884630899556,0.322508896797153,0.2631578947368421,0.4074979625101874,0.2942258183155572,0.209570380719525,0.1103346818683339
Республика Чечня,1.744476,1.563117,1.49456,1.302878,1.227977,4.056559,1.897423,95.0,96.4,102.3,101.6,100.1,29771.0,2.788737,1.408881,12.59409,95.5,102.0,104.0,1.875439,28.517959,5.50461,2.140113,6.406883,3.895216,171029.5,21.5,20.9,28.2,35.1,88310.0,141300.0,20.185709,2.259365,2.34028,4.237715,3.694043,3.245931,13.992981,1.846165,2.431701,2.032726,1.3000000000000007,3.3999999999999986,-0.1999999999999993,0.1999999999999993,-0.3000000000000007,46.6,6.3,47.2,46.0,5.5,48.5,47.8,8.6,43.5,-6.750476,-0.010036,-0.023419,-5.816016,6.985255,0.777125,0.4398415322706429,0.3813601846586157,0.3412512546002007,0.2409396646923,0.241605969088648,0.3619939556972535,0.3517498667614141,0.239115273488094
Ставропольский край,0.075871,-0.132257,0.298006,-0.384402,-0.450874,4.092618,-1.867356,92.4,102.9,100.7,99.6,94.5,33877.0,6.065821,8.071385,9.082379,99.1,104.7,102.5,14.721779,14.612462,3.246749,6.758592,5.429577,4.41406,308476.2,19.3,19.4,29.4,30.8,165228.0,215801.0,0.843683,-4.717264,7.605724,6.700539,5.113998,-2.928927,16.025786,0.339651,1.39702,4.239689,0.4000000000000003,-0.6999999999999993,-0.4000000000000003,0.0999999999999996,-0.1999999999999993,37.4,3.4,59.1,36.2,7.2,56.6,43.6,5.4,51.0,0.646599,-11.260559,-5.878004,-8.408615,-1.772505,-3.045076,0.4567466431873211,0.5084884769949971,0.4898336414048059,0.3665881120712228,0.3037558517671443,0.2874085931531269,0.2858878604867241,0.2146469240004365
Республика Башкортостан,-0.022667,-0.09046,-0.317304,-0.60337,-0.30166,5.523527,-1.040338,96.2,99.2,99.3,100.6,95.1,38738.0,8.407899,8.004838,11.183214,102.3,103.3,102.5,4.47356,8.035473,4.769323,17.131185,4.389763,-4.999428,425161.0,13.3,12.7,22.9,22.4,191935.0,253472.0,0.408993,2.428394,4.819149,4.765771,6.246598,-1.573497,11.813879,0.277334,0.935633,3.643696,-0.5,-0.1999999999999993,-0.3000000000000007,0.0999999999999996,-0.5,40.8,7.5,51.8,36.6,4.0,59.4,42.9,6.0,51.1,-5.89229,-11.574639,-4.498579,-10.655982,-2.024696,-4.485187,0.408811406176093,0.353629640267107,0.389768574908648,0.2933424028568999,0.3354666793557136,0.2744050509956289,0.2855035568984796,0.3035454103933949
Республика Марий Эл,-0.228385,-0.34337,-0.141539,-0.601251,-0.574088,5.363095,1.917178,95.0,98.6,99.2,100.0,98.3,32278.0,6.187634,9.161124,10.625,99.4,101.9,103.8,19.976958,-0.265678,4.542757,8.477178,6.13839,-3.118335,290803.3,14.7,15.2,24.2,22.4,106277.0,161110.0,4.93898,2.710579,4.720251,5.94468,5.040641,0.898174,19.613637,0.370092,1.293907,5.627778,-0.0999999999999978,-0.4000000000000021,-1.3000000000000007,-0.2999999999999971,-0.6000000000000014,31.2,4.0,64.8,33.9,6.7,59.4,43.8,3.3,52.9,-3.858909,-14.842688,-8.70259,-10.325356,-0.41979,-3.417645,0.4421666164204602,0.2613149367617853,0.3068614213821038,0.2554450121000269,0.3598200899550224,0.3011141222523336,0.0899550224887556,0.1656127672387835
Республика Мордовия,-0.177404,-0.431023,-0.667124,-1.421418,-1.064489,5.881722,4.471339,96.3,99.9,99.4,101.3,100.7,31105.0,5.447365,4.72685,9.803922,100.1,104.2,105.1,4.0284,23.838608,5.886135,4.907484,8.198292,3.208263,342811.2,12.8,13.3,19.2,22.5,89808.0,150613.0,7.314493,5.408967,6.630574,5.878552,7.479903,3.288636,18.288344,0.284037,1.40293,5.327292,-1.3000000000000007,-0.3000000000000007,-0.3999999999999986,0.1999999999999993,-0.3999999999999986,35.3,6.2,58.6,38.0,4.2,57.8,26.8,12.1,61.2,1.411495,-13.680251,-3.660662,-10.193004,-6.682337,-5.487585,0.2416073245167853,0.2382445141065831,0.2905287623474724,0.2563329312424608,0.2686366689053056,0.1619287513494062,0.1678979180658159,0.1439366678661389
Республика Татарстан,0.355198,0.232443,0.109269,-0.224654,-0.198376,5.876946,-0.201641,96.2,96.6,101.7,101.8,96.7,39761.0,3.695063,6.948121,8.810791,98.3,102.2,103.1,11.945925,9.793016,9.67268,15.614561,6.481436,-5.737615,675621.4,9.8,9.6,14.2,13.7,203038.0,279262.0,-1.004246,2.870661,4.931107,8.466803,3.780568,-2.41983,17.178439,0.313504,1.202683,4.282529,0.4000000000000003,-0.2999999999999998,-0.2000000000000001,-0.0999999999999996,-0.3000000000000007,42.7,9.9,47.4,36.8,9.6,53.6,42.5,7.3,50.2,-1.838345,-13.854224,-3.730645,-7.446028,-2.969373,-1.591423,0.4604650345348776,0.3831486222763325,0.3907305414112023,0.3475820379965457,0.3755452403722796,0.3125150247608058,0.1142963775046068,0.096158469157171
Республика Удмуртия,-0.020297,-0.249336,-0.426897,-0.506278,-0.595705,5.199983,1.527966,93.4,98.5,96.9,101.3,97.9,36380.0,8.095084,8.623984,9.701673,103.7,103.5,103.4,14.966519,10.111289,3.961019,15.206012,6.516062,-5.853664,451490.9,13.6,13.7,22.3,23.1,129660.0,178357.0,5.229832,1.986206,5.053503,5.785214,4.464563,-0.90316,11.413936,0.298088,1.026434,4.092397,0.0999999999999996,-0.200000000000001,0.0,0.200000000000001,-0.5,32.9,8.7,58.4,43.9,6.1,50.0,45.2,7.6,47.2,-5.275963,-14.602359,-8.432661,-11.180049,-0.390357,-1.870058,0.3379139445821131,0.2711187214611872,0.3230477887935836,0.2554744525547445,0.2533899465826599,0.2750085940185631,0.198602931105328,0.1581299415606737
Республика Чувашия,-0.116552,-0.384023,-0.455863,-0.81646,-0.782035,9.208103,4.925107,92.0,99.1,100.0,104.1,101.4,31844.0,7.202022,7.080496,10.216062,101.5,105.1,104.3,5.980487,13.372664,4.39445,7.327119,7.894183,3.179852,287210.3,17.5,25.7,22.6,24.9,106444.0,166150.0,3.818909,0.402682,3.891703,7.988063,9.488271,3.868928,17.36741,0.292967,1.016831,3.753831,0.9000000000000021,-0.4000000000000021,-0.5999999999999979,-0.4000000000000021,-0.5999999999999979,33.2,7.4,59.5,40.5,7.3,52.2,35.7,3.9,60.4,-4.288715,-14.972871,-6.352621,-10.703621,-3.052388,-2.149111,0.1867195705449877,0.2194720477961348,0.2151000215100021,0.2985988821682872,0.2229272056932178,0.1503493411161227,0.0857412329589299,0.0619085522242858
Пермский край,-0.099468,-0.340983,-0.44201,-0.769411,-0.868815,6.548697,-1.219432,81.6,99.2,98.8,101.9,95.1,41958.0,7.441812,7.507096,8.648944,99.9,105.2,103.7,9.232229,7.983694,8.789242,14.662308,5.563659,-5.569684,541930.2,17.1,17.9,25.6,23.0,184849.0,239837.0,-1.880454,1.115932,4.241073,7.406826,5.445248,-1.087218,11.988588,0.30475,0.977413,4.808061,2.5,-0.200000000000001,-0.1999999999999993,-1.0999999999999996,-0.5,41.0,4.2,54.8,38.7,6.0,55.3,40.9,6.8,52.2,-3.883921,-14.184587,-7.752156,-9.484131,-4.468061,-1.578597,0.3968969871910517,0.3834396953933608,0.3843269591301087,0.3590421027673339,0.3031096807993115,0.3447060206040189,0.1197470343898514,0.1214305299855066
Кировская область,-0.527007,-0.653875,-0.763064,-0.968709,-1.23127,6.099699,2.491103,92.8,98.9,98.6,101.2,97.8,32692.0,5.814269,7.737994,10.775332,99.7,104.1,104.1,11.634097,11.650393,6.396347,7.299798,5.671173,7.866028,315153.9,17.9,18.4,26.0,27.6,126231.0,190042.0,6.492066,1.818101,4.618251,6.858671,5.462317,1.148912,16.430182,0.263043,1.115988,6.520595,0.5999999999999996,-0.5,-0.200000000000001,-0.5999999999999996,-0.5999999999999996,37.6,4.9,57.5,35.9,8.0,56.0,38.0,3.9,58.1,-1.250453,-15.782712,-7.866638,-11.707663,-5.179034,-3.474903,0.2778784583786396,0.3548051630268551,0.3123411055422386,0.2680542415641753,0.2500223234217341,0.2919295602222431,0.0803643182427002,0.0847537432903286
Нижегородская область,-0.303834,-0.399081,-0.363246,-0.824054,-1.016763,7.67002,-0.50862,94.2,96.4,99.4,102.5,95.2,37601.0,7.242929,7.000246,8.431237,101.2,102.4,102.8,9.784876,16.524911,8.62459,8.785991,8.507415,-1.590946,497418.6,18.1,18.2,23.0,22.2,190206.0,278659.0,0.655079,4.780833,7.182772,6.580037,6.170744,-2.587309,17.573668,0.298417,1.114859,5.851945,-0.0999999999999996,0.1999999999999993,-0.5,0.0,-0.0999999999999996,38.7,10.9,50.4,40.1,5.6,54.3,31.9,9.7,58.5,-3.429697,-11.579192,-6.479128,-9.489302,-4.586396,-5.52662,0.5063480581676686,0.5372455832214071,0.4177255864224578,0.4404185538029049,0.3692583773337474,0.3689236111111111,0.1345895020188425,0.0940393518518518
Оренбургская область,-0.317224,-0.596555,-0.314416,-0.711353,-0.943788,4.695318,0.963934,92.0,99.9,99.0,99.9,97.7,35075.0,6.579643,4.715937,10.661323,102.0,103.9,103.8,6.339818,5.440194,7.589999,22.086965,5.15347,-4.589502,538971.9,19.1,27.5,26.5,26.6,134482.0,198494.0,3.603456,-0.944534,7.389213,5.451049,6.979378,1.327177,17.163668,0.348544,1.299142,6.098324,0.6999999999999993,-0.2999999999999989,-0.1000000000000014,0.1000000000000014,-0.3000000000000007,39.6,8.6,51.8,45.0,4.6,50.3,44.0,4.5,51.5,-5.820199,-14.447054,-4.600706,-10.330182,-4.354469,-3.477103,0.354547688419279,0.3503671400350367,0.3616085043349453,0.2694433027355345,0.2088107970460911,0.20234291799787,0.2444614209320091,0.1650692225772098
Пензенская область,-0.510099,-0.735804,-0.951367,-1.12327,-1.304208,5.343056,5.002395,90.6,100.4,98.7,100.1,100.4,32766.0,9.248879,3.556064,10.404756,103.4,101.9,102.9,16.799385,4.895101,5.642971,10.260167,10.318442,10.97731,379820.4,16.2,16.0,25.4,22.4,133259.0,199270.0,6.204459,-1.04927,6.410934,4.48933,6.515317,3.263091,16.350494,0.244965,1.145863,4.685957,0.4000000000000003,-0.6000000000000014,-0.6999999999999993,0.0999999999999996,-0.5999999999999996,39.1,8.8,52.1,34.1,8.9,57.1,43.3,7.5,49.3,-5.418277,-12.668759,-4.236651,-9.554974,-6.772793,-3.228811,0.3036996134732192,0.4232649784718674,0.3008272750062672,0.2617801047120419,0.3376748673420164,0.258718824381662,0.2122527737578388,0.1862775535547966
Самарская область,-0.20858,-0.317291,-0.110146,-0.797853,-0.711567,4.403833,1.604296,90.4,97.3,100.8,99.7,97.4,38748.0,5.385675,7.764623,10.697888,98.8,103.3,102.6,10.163156,8.050167,6.374915,12.547565,4.064743,-4.803428,505093.4,21.6,20.3,22.1,23.4,194188.0,241042.0,-5.330916,1.731979,2.570313,6.01688,6.266442,-1.425643,13.148259,0.264104,1.077331,3.861137,0.4000000000000003,-0.1999999999999993,-0.6000000000000014,0.200000000000001,-0.5999999999999996,39.4,3.6,57.0,41.7,3.1,55.1,40.5,7.3,52.3,-1.77922,-14.161117,-4.359531,-9.936741,-5.958462,-1.600972,0.4319917994777048,0.3826657389921479,0.3560573165436387,0.3632071188595296,0.309181341578169,0.3716542186327413,0.1142626697136711,0.0929135546581853
Саратовская область,-0.220415,-0.657858,-0.775151,-1.105911,-1.425905,6.226952,5.664191,93.1,99.1,102.6,100.9,100.4,33545.0,4.527699,5.053508,8.428329,99.1,109.7,104.7,10.529164,12.414762,4.526352,6.990793,5.787681,7.369162,358480.4,19.5,19.9,28.7,27.7,120725.0,188844.0,4.484572,1.954193,4.851327,8.079767,6.366905,6.223834,14.683752,0.246214,0.959864,3.212042,-0.0999999999999978,-0.3000000000000007,-1.1999999999999993,0.1999999999999993,-0.6999999999999993,38.4,6.5,55.1,39.2,7.8,53.0,41.1,5.6,53.4,-4.982776,-13.516681,-5.754573,-9.480164,-7.465131,-1.421445,0.4732245380841365,0.439447760647453,0.326050135501355,0.354944511838972,0.3077381247828461,0.2413774607091133,0.1191244353998114,0.085823097141018
Ульяновская область,-0.390321,-0.500364,-0.693789,-0.9355,-1.177852,3.952274,3.764031,93.5,98.7,94.6,98.6,99.2,32504.0,6.513175,7.890195,7.994972,100.4,103.3,102.2,9.63814,20.982661,2.595242,3.76148,9.440163,5.734547,360112.2,19.9,20.3,27.9,25.3,129143.0,185625.0,3.816699,0.399039,5.968486,5.762018,6.724778,2.666998,12.296505,0.33348,1.439904,5.465257,-0.1000000000000014,0.200000000000001,0.4000000000000003,0.1999999999999993,-0.5,39.1,5.2,55.7,31.8,5.5,62.7,33.0,5.8,61.2,-2.795341,-13.967819,-4.512535,-9.359893,-4.864368,-3.20897,0.4725457570715474,0.5066757959602876,0.3899721448467966,0.4417402900483413,0.3218390804597701,0.3092982795283201,0.1195402298850574,0.10632128358786
Курганская область,-0.91031,-1.003619,-0.902718,-1.039211,-1.595465,4.770335,2.609839,91.8,97.8,94.5,99.1,97.8,33182.0,5.760515,8.990786,10.718358,98.7,104.1,104.3,6.286536,13.661622,4.90151,3.854861,9.48997,4.802163,294464.0,18.9,16.8,29.5,26.1,117095.0,163801.0,4.318716,-0.455171,5.154775,6.512388,6.322738,1.747213,11.178155,0.351703,1.288376,5.425755,0.8999999999999986,0.0,-0.0999999999999978,0.0,-0.3000000000000007,37.7,3.5,58.9,39.4,5.6,55.0,41.6,4.6,53.8,-7.753342,-11.209798,-9.044962,-11.0558,-3.306,-2.772917,0.2759810263044416,0.3178758414360508,0.2105928187848794,0.4399166473720768,0.273330730183522,0.4172836182527931,0.2212677339580893,0.2019114281868353
Свердловская область,0.058556,-0.094356,-0.116273,-0.478208,-0.599688,6.421669,-4.399652,94.7,97.8,101.7,101.4,92.5,43256.0,5.398977,7.456412,9.470656,98.0,103.1,102.1,9.705294,15.707858,7.164668,7.434768,4.544034,0.307212,588270.0,16.6,17.0,24.1,23.5,230949.0,287048.0,3.608589,1.752736,2.338209,5.031906,6.037645,-6.354389,10.456181,0.306144,0.893268,3.666664,0.2999999999999989,-0.3999999999999986,-0.3000000000000007,-0.5999999999999996,0.0999999999999996,39.5,4.4,56.0,42.6,5.0,52.3,42.9,7.2,49.9,-3.7252,-10.517526,-6.154937,-7.986477,-4.923383,-2.243641,0.4582140904852246,0.4659240827641489,0.3975141369464195,0.3619369593318087,0.4084808403034429,0.3273396831170012,0.0691607771942337,0.0863813052669864
Ханты-Мансийский автономный округ - Югра,0.910565,0.546511,0.653987,0.774956,0.864277,4.911568,2.32108,94.5,99.6,102.2,102.6,100.4,79822.0,5.82673,4.956897,6.260585,97.4,103.0,103.5,9.258042,-1.787618,12.671814,26.011177,0.655229,-27.033445,1994630.3,11.5,12.7,16.5,15.8,224038.0,288977.0,2.236228,-2.144092,6.66512,6.014405,3.414413,-1.52303,11.955818,0.235396,0.598094,1.520702,-0.3000000000000007,-2.1,-0.5,-0.0999999999999996,-0.5,42.8,4.7,52.4,42.5,6.4,51.0,46.0,7.5,46.5,-4.274109,-9.393125,-3.479979,-7.322176,-1.037414,-4.21257,0.4620658816515128,0.3775935225193662,0.3995531878329609,0.2670702394729814,0.3986359925075645,0.3397233681145353,0.0192113731328946,0.0242659548653239
Ямало-Ненецкий автономный округ,-1.089104,0.466002,0.547574,0.471307,0.933621,4.647472,8.232236,99.8,102.5,102.0,103.5,106.8,111216.0,7.720779,8.049208,8.078899,100.8,102.2,108.0,10.268801,13.610075,20.604405,23.611869,1.052347,-11.172182,5072483.6,13.1,12.0,14.0,12.6,235512.0,293712.0,4.266025,-6.64769,3.652584,7.909666,2.16613,0.442059,11.62918,0.242521,0.531047,1.152473,-0.4000000000000003,-1.0,-0.2999999999999998,-0.2999999999999998,-0.7000000000000002,37.8,1.3,60.8,47.9,0.9,51.1,54.1,1.3,44.6,-7.852761,-8.546181,-4.447386,-5.319296,3.760059,-2.002256,0.4796430563301729,0.3389420167049994,0.3838517538054268,0.3878653553123701,0.3072421360643745,0.2115059221658206,0.2487198244330651,0.1410039481105471
Челябинская область,0.09842,-0.265167,-0.269985,-0.679645,-0.70303,4.260641,4.731563,89.9,97.3,99.7,100.1,100.8,39349.0,4.382295,4.240328,9.196044,97.8,102.4,101.7,21.480934,10.135126,6.40827,7.801164,1.984741,4.999273,467537.3,16.1,16.7,25.6,24.3,154226.0,199595.0,-4.921349,-3.851032,-0.14682,5.722322,6.478184,9.393614,15.1286,0.315977,0.889017,3.814713,0.1000000000000014,-0.6000000000000014,-0.3999999999999986,0.0,-0.200000000000001,41.3,2.8,56.0,44.2,3.2,52.6,42.8,1.0,56.2,-4.359511,-13.5803,-6.034055,-8.994374,-3.483107,0.360881,0.4964713605777121,0.4354447757352152,0.488979348689436,0.4226431043136012,0.3947521188900499,0.3067484662576687,0.1015906188319981,0.0932274750390953
Республика Алтай,0.682255,0.48662,0.600824,0.351075,0.273813,3.860944,7.015205,95.7,101.9,103.0,101.9,104.5,36269.0,9.518404,4.91568,17.620459,103.6,105.4,105.5,6.705766,11.636337,1.385791,11.20308,8.549848,5.506642,283451.4,16.5,13.0,20.6,19.8,97474.0,164472.0,3.572235,4.66837,6.023526,6.185622,11.173969,2.339385,21.515172,0.397637,1.351333,5.493796,0.8000000000000007,-0.2000000000000028,-1.3999999999999986,0.3000000000000007,-0.5,42.6,4.3,53.1,46.2,5.2,48.6,48.2,3.2,48.5,-2.759821,-11.966249,-3.165844,-10.077984,-1.43429,-2.436548,0.1243162605668821,0.2045512656609563,0.261399941911124,0.2699460107978404,0.2668445630420279,0.0338409475465313,0.8338892595063376,0.7106598984771574
Республика Тыва,0.592778,0.995762,0.912389,0.911776,0.678334,6.464219,14.165363,91.3,98.2,101.7,103.4,110.9,44104.0,5.317421,4.770685,14.489136,99.3,106.8,107.0,2.28621,21.727476,11.068401,12.258657,6.571641,3.599018,251799.9,15.4,15.0,24.5,23.8,60063.0,89480.0,14.173451,-1.168047,2.040575,5.864831,9.655257,-4.187686,16.327141,0.571241,1.510182,2.09405,0.8999999999999986,-2.0,-1.3999999999999986,-0.2999999999999971,-2.400000000000002,43.6,5.9,50.5,46.9,3.7,49.4,47.2,5.4,47.4,-0.907998,-5.983021,-6.27777,-5.826579,6.885352,0.714069,0.6542929630124182,0.5255356420967525,0.3869858105202809,0.3823214558801039,0.3410198116271516,0.2886660589486478,0.3247807729782397,0.2582801580066849
Республика Хакасия,0.183839,-0.028828,-0.3553,-0.41665,-0.695066,5.182884,5.059721,97.2,100.4,103.0,99.5,100.8,43800.0,8.618674,4.499462,11.466243,102.7,101.6,104.0,7.3315,21.692887,4.937474,11.245459,6.060744,4.520188,500422.8,13.3,13.1,24.3,24.1,123176.0,194578.0,11.434857,1.227588,5.980021,6.12407,8.910048,3.161043,10.822032,0.283909,0.755009,2.731774,-0.0999999999999978,-0.3000000000000007,-0.3000000000000007,0.5,-0.5,39.3,4.4,56.3,38.3,5.9,55.8,37.6,5.7,56.7,-4.03236,-12.249737,-6.454518,-10.494223,-3.908211,-1.884328,0.4297813171533308,0.4741833508956797,0.3152206544581207,0.3048780487804878,0.2509860164933667,0.2985074626865672,0.1434205808533524,0.0932835820895522
Алтайский край,-0.33705,-0.65943,-0.671293,-0.897653,-1.226902,4.853476,-0.304967,94.7,100.0,99.7,99.6,95.5,30072.0,5.535092,7.268182,12.205953,98.4,104.9,103.8,9.708049,9.560535,3.00304,7.061449,9.580156,7.311375,291156.9,18.8,20.4,30.9,29.7,128376.0,174321.0,5.101421,2.163424,4.373785,4.567222,6.028821,-3.704377,13.48654,0.322197,0.968001,4.565116,-0.1999999999999993,-0.3000000000000007,-0.1000000000000014,0.2000000000000028,-0.1000000000000014,38.0,6.4,55.6,42.1,5.1,52.8,38.7,3.9,57.4,-3.9847,-11.577234,-7.968658,-10.105998,-5.40323,-4.925911,0.4257442208548146,0.4295562406900613,0.4152791380999021,0.4512366438210379,0.255718141781503,0.2653183820584702,0.2841312686461145,0.2202643171806167
Красноярский край,0.269941,0.041596,-0.270387,-0.361308,-0.235653,5.743795,3.443713,97.7,100.6,101.4,100.6,99.8,54426.0,6.661861,6.869574,10.988156,100.8,104.2,105.5,17.887178,8.974839,8.325171,20.144541,13.571656,1.449548,951613.7,15.8,15.4,22.7,24.8,171796.0,222969.0,-3.739319,5.752485,1.605055,5.29568,7.783455,-2.36878,13.246617,0.354454,1.031002,3.535241,-0.5,-0.7999999999999972,-0.5,0.1999999999999993,-0.3000000000000007,39.5,4.2,56.3,39.5,8.6,51.8,40.7,4.8,54.5,-3.092383,-10.928264,-5.877225,-9.438021,-4.377804,-1.621528,0.3713772513228797,0.3857328924957419,0.4105621326734344,0.3764452809895133,0.4618632884666139,0.3760565809901673,0.1847453153866455,0.1518026565464895
Иркутская область,-0.087498,-0.195359,-0.274005,-0.676315,-0.75313,7.661455,4.808789,95.1,100.5,100.3,101.7,100.4,49885.0,8.57999,7.254295,11.975529,99.8,103.0,103.5,9.445565,13.86715,11.531886,15.421138,6.118738,-2.157474,631591.9,15.9,15.3,24.6,28.6,118287.0,200034.0,1.862419,5.036103,5.714376,8.342178,10.769846,2.688681,21.321697,0.524196,1.310405,4.698206,-0.6999999999999993,-2.0,-0.3999999999999986,0.2999999999999971,-0.2999999999999971,36.8,5.7,57.4,39.8,4.2,56.0,39.8,7.4,52.8,-4.208061,-10.002811,-3.382155,-8.465318,-4.173876,-3.872941,0.4496136553320948,0.4272062956717257,0.4778114362449642,0.4913051910272157,0.4308061725343409,0.4348306739875447,0.1730287086408418,0.1805652798761838
Кемеровская область,-0.270203,-0.515607,-0.613329,-0.918335,-1.107826,7.424674,2.198023,91.0,100.8,100.8,101.1,98.1,43429.0,6.552737,8.411091,16.463489,99.7,104.2,100.6,12.482315,7.433682,22.044016,16.096903,-11.710091,-5.792612,392374.9,17.1,16.8,25.9,23.0,122765.0,176024.0,2.780108,-0.935979,5.123323,6.766311,7.613406,1.364482,15.023557,0.348735,1.21101,4.831446,0.1000000000000014,-0.9000000000000004,-1.0,-0.3000000000000007,-0.4000000000000003,44.0,4.9,51.2,45.0,4.8,50.1,39.4,5.9,54.8,-3.34334,-13.723281,-6.56432,-8.751653,-6.676877,-3.739188,0.5621284360468538,0.5937519030509714,0.5787894829715899,0.4457034938621341,0.5257057703452273,0.4834774894655134,0.095206556834175,0.0887114659569749
Новосибирская область,0.561194,0.33437,0.171333,-0.440788,-0.199007,5.916401,3.285448,99.3,101.0,102.8,101.7,99.8,41534.0,7.505527,7.084342,10.527457,101.2,105.0,102.9,11.486153,4.58118,9.223354,10.075123,8.083064,-3.583364,485981.4,16.7,18.1,24.1,25.4,168581.0,241409.0,-4.308908,0.671349,4.698276,5.653708,6.551883,2.933448,22.525225,0.283531,0.98353,3.894015,-1.1999999999999993,-1.0000000000000018,-1.0,-0.1999999999999993,-0.0999999999999996,33.1,11.0,55.9,33.6,9.3,57.0,44.5,3.4,52.0,-1.870835,-9.989553,-5.144349,-7.790897,-4.246144,-1.960852,0.4561763198359815,0.4622616871245756,0.3626867836936022,0.3976508014193075,0.3682202687012771,0.4503724233500779,0.1293746890031514,0.117789710722328
Омская область,0.014306,-0.638775,-0.901659,-1.193254,-1.267391,6.039873,1.435087,92.1,96.9,100.1,100.2,97.3,37828.0,3.411177,5.638604,9.619845,97.6,103.4,103.7,2.456932,8.458532,5.004944,5.964007,5.916588,-0.182812,398641.0,21.1,19.7,29.9,29.0,158990.0,211880.0,-2.493239,-4.703082,9.026974,5.130657,8.766055,0.863291,14.055628,0.310713,1.011892,3.757712,0.5,-0.5,-0.5999999999999996,0.3000000000000007,-0.3000000000000007,42.0,6.3,51.7,43.3,5.0,51.7,42.5,5.8,51.7,-7.59569,-14.338723,-5.586987,-10.725655,-6.65478,-1.814607,0.3953537191239241,0.3786301162394457,0.4331683168316832,0.3932584269662921,0.4300173055744926,0.3426966292134831,0.2674497876134039,0.247191011235955
Томская область,0.2149,-0.056632,0.169754,-0.827596,-0.190127,3.974941,1.677178,91.4,98.4,99.2,98.9,97.7,48730.0,5.848829,4.124112,11.682392,98.9,103.4,103.2,9.235116,10.29035,6.325814,10.542896,1.647155,-10.279825,518179.5,15.5,16.1,23.1,23.5,115052.0,196290.0,8.464868,5.086104,4.704205,7.121268,8.079002,2.133134,20.898749,0.389589,1.043523,3.286518,0.0999999999999996,-0.1999999999999993,-0.1000000000000014,0.1000000000000014,-0.4000000000000003,38.6,4.5,57.0,39.8,3.0,57.2,40.3,6.9,52.8,-2.681625,-11.190777,-6.60915,-11.085685,-5.252121,-4.98994,0.2257490764810507,0.2741459299873471,0.3007756846604401,0.3135858971099245,0.3240873129348965,0.3319919517102616,0.1334477170908397,0.1207243460764587
Республика Бурятия,0.387227,0.038308,0.270932,-0.051322,-0.284343,4.929197,3.261042,94.0,97.9,97.8,99.3,98.8,41800.0,5.576693,7.56782,11.818718,99.5,102.6,102.2,8.289404,8.53363,1.619527,15.18194,10.459762,5.944649,307558.8,14.5,15.5,25.0,25.5,141496.0,223010.0,17.184938,2.988324,1.650787,3.707672,6.692515,3.99698,11.646232,0.431496,1.201064,4.106535,0.4000000000000021,-0.3000000000000007,0.1000000000000014,1.0,-0.2000000000000028,42.9,6.7,50.5,45.6,5.7,48.7,43.8,3.7,52.5,-5.023261,-11.241319,-2.885086,-9.912243,0.766528,-4.413629,0.3121135386608563,0.3224206349206349,0.3353126091512399,0.3236944324557617,0.3193867773874161,0.3169572107765451,0.2954327690833599,0.2297939778129952
Забайкальский край,-0.408294,-0.572484,-0.570941,-0.586487,-0.950939,7.327442,5.03301,93.3,98.9,102.1,101.9,99.9,47172.0,5.570463,6.718932,16.907713,98.6,102.9,102.9,5.817542,13.149881,10.356898,11.526302,7.934635,17.363227,402594.6,17.1,17.2,29.3,26.5,124928.0,188623.0,8.382428,5.042097,3.367153,4.925314,5.838957,0.90467,14.496695,0.411129,1.034532,4.086186,0.8000000000000007,-0.1000000000000014,-0.6000000000000014,0.1000000000000014,-0.6000000000000014,37.0,8.8,54.3,40.9,7.6,51.5,37.9,7.8,54.3,-5.711393,-9.63239,-5.011533,-7.579102,-0.605096,-4.013137,0.506223572151748,0.404244567963618,0.3424896903613615,0.515084621044886,0.3980891719745223,0.2643383530919577,0.302547770700637,0.2483178468439602
Республика Саха - Якутия,0.291881,0.155271,0.515714,1.026239,1.033024,6.103681,1.935853,97.7,99.5,102.9,102.2,99.5,77178.0,7.997291,5.433898,10.714401,100.2,102.3,101.8,13.303466,18.606088,5.656563,19.352884,7.873721,-7.194211,1168152.5,11.4,11.5,15.5,16.8,173477.0,284035.0,13.379872,7.661881,4.222745,7.327594,7.518407,-1.571378,13.30626,0.420415,1.034457,2.47935,0.4000000000000021,-0.1999999999999993,-1.0,-0.8000000000000007,-0.5,44.9,5.3,49.8,45.0,4.4,50.7,46.7,6.9,46.3,-6.288353,-9.530602,-5.159811,-3.135862,1.076527,-5.001158,0.4496020414362962,0.453838174273859,0.2938225598394726,0.3173643645156415,0.2886340588189406,0.2624064212394844,0.1560184101724003,0.254688585320676
Камчатский край,-0.363414,0.263083,-0.542382,-0.430968,0.332727,8.031503,5.12397,94.6,99.6,105.1,103.9,102.1,85623.0,6.541356,7.599863,12.292005,98.7,105.1,103.8,21.049098,28.271259,1.909133,15.33376,6.708659,5.808086,942802.0,12.8,12.6,16.4,13.3,143851.0,239715.0,10.702741,3.598812,3.807174,5.974577,8.792172,2.483692,18.464359,0.253594,0.664526,2.239178,0.5999999999999979,-0.8999999999999986,-1.0,-0.9000000000000004,-0.3000000000000007,31.3,5.2,63.5,45.9,0.9,53.2,46.4,0.0,53.6,-1.710843,-8.972787,-6.948559,-4.428365,-1.87765,-4.938272,0.6024096385542169,0.7354743809757294,0.4578507945057905,0.4052098408104196,0.6662628709872804,0.3395061728395062,0.211992731677771,0.0925925925925926
Приморский край,-0.222417,-0.524097,-0.360011,-0.950699,-0.789895,6.539761,1.141447,94.3,99.8,103.8,101.9,96.9,50105.0,5.531399,6.637329,10.918649,99.1,106.7,103.1,11.978631,20.271634,5.719629,7.104034,10.985213,3.793816,582950.7,19.8,15.2,25.3,23.5,147683.0,272134.0,19.826249,3.856173,6.386741,8.915995,10.618995,-2.204846,18.124995,0.263283,0.839984,3.199444,0.1000000000000014,-1.4000000000000004,-1.0,-0.4000000000000003,-0.5,36.1,5.9,58.0,39.5,4.4,56.1,41.0,7.7,51.3,-4.263881,-10.852121,-4.648283,-8.935618,-0.943396,-3.610188,0.564994715876758,0.4712775442618774,0.4667333428585035,0.3346486189501024,0.4552435278630978,0.3820598006644518,0.1810004387889425,0.1439645625692137
Хабаровский край,-0.280429,-0.374411,-0.441174,-1.103339,-0.165165,6.076655,0.677778,95.5,97.8,101.5,100.7,96.2,53113.0,5.43624,5.873993,11.03968,97.8,101.6,101.9,10.688761,13.113852,4.003432,9.604689,5.939844,8.089297,658239.5,16.6,17.4,22.9,25.7,178673.0,301099.0,13.727312,7.395177,5.914484,5.822164,7.248836,5.954918,8.331594,0.271521,0.717872,2.785575,-1.0999999999999996,-0.5,-0.3000000000000007,0.0,-0.1999999999999993,38.8,6.8,54.4,35.4,5.2,59.4,43.2,13.7,43.2,-6.165028,-10.799666,-5.703755,-4.074467,-5.11085,-3.391804,0.507216063585024,0.4903872945110059,0.5497594802274005,0.4306346892805088,0.3591408246425858,0.3857631559793289,0.048345880240348,0.0363927505640876
Амурская область,-0.516624,-0.415091,-0.397129,-1.037664,-1.192179,7.651033,6.5908,92.1,101.1,102.4,101.7,100.3,52430.0,2.841773,10.435322,13.2386,96.0,106.0,105.2,19.94641,7.806586,1.011015,12.293604,24.089937,9.653781,571362.1,19.2,28.9,26.3,21.7,163781.0,276635.0,11.423792,4.949285,5.490202,6.261198,7.650637,6.109565,12.804965,0.426523,1.124753,4.675059,1.8000000000000007,-0.3000000000000007,-1.0999999999999996,0.0999999999999996,-0.5,39.9,6.0,54.1,40.6,4.6,54.8,33.9,7.2,58.9,-3.747333,-9.125952,-5.73701,-10.912364,-0.833439,-6.494333,0.482330025044059,0.2891008962127782,0.2969247083775185,0.3262459219259759,0.3409521404217704,0.3692856233286642,0.2020457128425306,0.1655418311473322
Магаданская область,-1.165657,-1.016006,-0.768229,-0.795582,-0.911288,9.340181,8.426029,93.9,102.3,104.4,103.1,104.3,102843.0,5.717013,8.515243,13.103949,98.9,105.9,105.0,31.522516,23.370267,5.998673,10.626869,22.793669,34.052542,2035007.0,9.8,10.6,13.4,11.1,174694.0,289171.0,7.482226,7.869411,5.439393,5.972148,6.11987,2.354661,17.636697,0.248245,0.621339,1.718118,0.0999999999999996,-1.9000000000000004,-1.5999999999999996,-0.1999999999999993,-0.6000000000000014,32.2,14.8,53.0,30.7,11.5,57.8,45.8,0.0,54.2,-7.644039,-1.729463,-11.376493,-7.234043,0.458716,-9.056317,0.513405590416429,0.3705991352686844,0.3771213073538655,0.3546099290780142,0.6116207951070336,0.30441400304414,0.0,0.0
Сахалинская область,-0.22482,0.582135,-0.282045,-0.53988,-0.297351,9.727981,2.97382,97.5,99.0,104.7,105.6,98.6,92518.0,5.949993,5.444973,13.143833,100.0,108.8,101.7,5.19728,-8.855563,2.58013,56.82246,-4.619036,-14.230395,2059206.5,6.4,9.9,16.8,16.5,250253.0,364356.0,8.900593,1.449031,4.73712,4.675505,8.079192,3.414519,7.54722,0.292868,0.649143,2.318367,-0.0999999999999996,-0.7000000000000011,-0.6999999999999993,-0.3000000000000007,-0.4999999999999991,36.4,6.4,57.1,32.9,4.3,62.8,44.9,12.1,43.0,4.512635,-9.268854,-4.36231,-5.573064,-1.791674,-2.664997,0.4963898916967509,0.2446747265400115,0.3965736040609137,0.1990379830817714,0.386439487089408,0.3577177606868181,0.0526962936940101,0.0894294401717045
Еврейская автономная область,-1.335171,-1.341518,-1.005547,-1.140204,-1.705431,7.717849,5.435682,89.2,97.2,99.6,101.2,99.2,46237.0,4.107328,6.976527,14.045744,96.8,102.6,103.7,7.566171,10.365915,15.238833,0.071275,4.859673,12.598887,400340.5,18.4,17.7,28.3,31.2,117276.0,188492.0,14.0455,0.309537,3.191664,8.037907,10.552777,1.638888,12.153559,0.412141,1.061555,4.491292,0.3999999999999986,-1.1999999999999993,-0.6000000000000014,0.1999999999999993,-0.2999999999999971,36.0,9.9,54.1,33.7,7.4,58.9,32.0,10.5,57.5,-5.789698,-13.285133,-2.084419,-10.43108,-4.634581,-3.364486,0.7237122179650916,0.8585630366018979,0.6253256904637832,0.4789781798829164,0.7724301841948901,0.3738317757009346,0.17825311942959,0.3115264797507788
Чукотский автономный округ,-0.757816,-0.951387,1.258482,-1.513283,1.035799,5.802416,7.382623,97.4,103.6,104.3,101.5,105.2,120641.0,8.947454,6.17217,7.46671,99.9,102.9,110.5,7.321453,17.748183,1.794141,14.660323,12.669656,26.631578,2404271.2,6.9,6.5,7.8,6.4,102795.0,225671.0,16.090277,29.064399,19.32359,5.22905,8.505049,3.45503,3.953217,0.355715,0.73741,1.185052,0.0,-0.0999999999999996,0.3000000000000007,-0.3000000000000007,-0.5,46.9,2.7,50.4,51.0,0.0,49.0,0.0,0.0,0.0,-1.756955,-1.937407,-5.6231,-15.297907,2.091255,-2.979516,0.4392386530014641,0.4470938897168405,0.303951367781155,0.4830917874396135,0.3802281368821292,1.303538175046555,0.7604562737642585,0.186219739292365
Архангельская область,-0.851792,-0.961123,-0.714902,-0.893609,-1.18966,5.677919,2.88717,93.0,98.7,101.7,100.2,98.4,52779.0,7.0971,5.860748,12.576824,100.0,104.0,102.9,13.519353,13.583206,10.279601,11.594559,3.388428,0.840019,514200.4,15.4,16.3,24.8,21.4,176420.0,280050.0,10.160413,4.441586,7.07223,5.79298,4.45064,4.113177,12.005215,0.278281,1.002728,5.019434,-1.3000000000000007,-0.8999999999999986,-0.8000000000000007,0.0999999999999996,-0.7999999999999989,37.4,7.1,55.5,38.8,6.6,54.6,31.3,8.9,59.8,-4.278113,-12.010816,-8.903876,-9.455534,-7.824467,-4.704693,0.4242162784009203,0.4657102080673026,0.4268396790165614,0.3654765251616531,0.4346926102256261,0.2694812485964518,0.1655971848478575,0.0561419267909274
Тюменская область,1.776758,1.412542,1.232703,0.388509,0.567517,5.14368,1.594808,93.2,99.9,104.5,102.7,99.2,51501.0,4.647467,7.824488,10.970276,97.3,104.3,102.5,11.230776,5.056898,10.315827,19.885583,-5.852472,-7.854645,757076.0,12.8,18.5,19.8,21.9,217731.0,298699.0,4.041684,0.497945,4.515525,6.905551,3.453237,1.923208,11.365509,0.298232,0.817255,3.504563,-0.1999999999999993,-1.0,-0.7000000000000011,-0.1999999999999993,-0.3000000000000007,52.5,2.2,45.2,52.2,0.6,47.2,43.7,7.4,48.9,-3.900343,-8.315061,-2.827667,-6.283177,-3.434604,-1.199808,0.3429326942940958,0.2923599466873038,0.2344665885111371,0.2075089277096805,0.2677651905252317,0.2559590465525516,0.1493305870236869,0.1226470431397643
