,"Беременность, роды и послеродовой период: 0-14 лет, 2014 г.","Беременность, роды и послеродовой период: 0-14 лет, 2015 г.","Беременность, роды и послеродовой период: 0-14 лет, 2016 г.","Беременность, роды и послеродовой период: 15-17 лет, 2014 г.","Беременность, роды и послеродовой период: 15-17 лет, 2015 г.","Беременность, роды и послеродовой период: 15-17 лет, 2016 г.","Беременность, роды и послеродовой период: 18 лет и старше, 2014 г.","Беременность, роды и послеродовой период: 18 лет и старше, 2015 г.","Беременность, роды и послеродовой период: 18 лет и старше, 2016 г.","Болезни глаза и его придаточного аппарата: 0-14 лет, 2014 г.","Болезни глаза и его придаточного аппарата: 0-14 лет, 2016 г.","Болезни глаза и его придаточного аппарата: 15-17 лет, 2014 г.","Болезни глаза и его придаточного аппарата: 15-17 лет, 2015 г.","Болезни глаза и его придаточного аппарата: 15-17 лет, 2016 г.","Болезни глаза и его придаточного аппарата: 18 лет и старше, 2015 г.","Болезни глаза и его придаточного аппарата: 18 лет и старше, 2016 г.","Болезни костно-мышечной системы и соединительной ткани: 0-14 лет, 2014 г.","Болезни костно-мышечной системы и соединительной ткани: 0-14 лет, 2015 г.","Болезни костно-мышечной системы и соединительной ткани: 15-17 лет, 2014 г.","Болезни костно-мышечной системы и соединительной ткани: 15-17 лет, 2015 г.","Болезни костно-мышечной системы и соединительной ткани: 15-17 лет, 2016 г.","Болезни костно-мышечной системы и соединительной ткани: 18 лет и старше, 2016 г.","Болезни мочеполовой системы: 0-14 лет, 2014 г.","Болезни мочеполовой системы: 0-14 лет, 2015 г.","Болезни мочеполовой системы: 15-17 лет, 2014 г.","Болезни мочеполовой системы: 15-17 лет, 2015 г.","Болезни мочеполовой системы: 15-17 лет, 2016 г.","Болезни мочеполовой системы: 18 лет и старше, 2014 г.","Болезни мочеполовой системы: 18 лет и старше, 2016 г.","Болезни нервной системы: 0-14 лет, 2014 г.","Болезни нервной системы: 0-14 лет, 2015 г.","Болезни нервной системы: 15-17 лет, 2014 г.","Болезни нервной системы: 15-17 лет, 2016 г.","Болезни нервной системы: 18 лет и старше, 2016 г.","Болезни нервной системы: Всего, 2014 г.","Болезни органов дыхания: 0-14 лет, 2014 г.","Болезни органов дыхания: 15-17 лет, 2016 г.","Болезни органов дыхания: 18 лет и старше, 2016 г.","Болезни органов пищеварения: 0-14 лет, 2014 г.","Болезни органов пищеварения: 15-17 лет, 2014 г.","Болезни органов пищеварения: 15-17 лет, 2015 г.","Болезни органов пищеварения: 15-17 лет, 2016 г.","Болезни органов пищеварения: 18 лет и старше, 2014 г.","Болезни системы кровообращения: 0-14 лет, 2014 г.","Болезни системы кровообращения: 0-14 лет, 2015 г.","Болезни системы кровообращения: 0-14 лет, 2016 г.","Болезни системы кровообращения: 15-17 лет, 2014 г.","Болезни системы кровообращения: 15-17 лет, 2015 г.","Болезни системы кровообращения: 15-17 лет, 2016 г.","Болезни системы кровообращения: 18 лет и старше, 2014 г.","Болезни системы кровообращения: 18 лет и старше, 2015 г.","Болезни системы кровообращения: 18 лет и старше, 2016 г.","Болезни уха и сосцевидного отростка: 0-14 лет, 2014 г.","Болезни уха и сосцевидного отростка: 0-14 лет, 2016 г.","Болезни уха и сосцевидного отростка: 15-17 лет, 2014 г.","Болезни уха и сосцевидного отростка: 15-17 лет, 2015 г.","Болезни уха и сосцевидного отростка: 15-17 лет, 2016 г.","Болезни уха и сосцевидного отростка: 18 лет и старше, 2014 г.","Болезни уха и сосцевидного отростка: 18 лет и старше, 2016 г.","Болезни эндокринной системы, расстройства питания и нарушения обмена веществ: 0-14 лет, 2014 г.","Болезни эндокринной системы, расстройства питания и нарушения обмена веществ: 0-14 лет, 2015 г.","Болезни эндокринной системы, расстройства питания и нарушения обмена веществ: 0-14 лет, 2016 г.","Болезни эндокринной системы, расстройства питания и нарушения обмена веществ: 15-17 лет, 2014 г.","Болезни эндокринной системы, расстройства питания и нарушения обмена веществ: 15-17 лет, 2015 г.","Болезни эндокринной системы, расстройства питания и нарушения обмена веществ: 15-17 лет, 2016 г.","Болезни эндокринной системы, расстройства питания и нарушения обмена веществ: 18 лет и старше, 2014 г.","Болезни эндокринной системы, расстройства питания и нарушения обмена веществ: 18 лет и старше, 2015 г.","Болезни эндокринной системы, расстройства питания и нарушения обмена веществ: 18 лет и старше, 2016 г.","Врожденные аномалии (пороки развития), деформации и хромосомные нарушения: 0-14 лет, 2014 г.","Врожденные аномалии (пороки развития), деформации и хромосомные нарушения: 15-17 лет, 2014 г.","Врожденные аномалии (пороки развития), деформации и хромосомные нарушения: 15-17 лет, 2015 г.","Врожденные аномалии (пороки развития), деформации и хромосомные нарушения: 15-17 лет, 2016 г.","Врожденные аномалии (пороки развития), деформации и хромосомные нарушения: 18 лет и старше, 2014 г.","Врожденные аномалии (пороки развития), деформации и хромосомные нарушения: 18 лет и старше, 2015 г.","Врожденные аномалии (пороки развития), деформации и хромосомные нарушения: 18 лет и старше, 2016 г.","Все заболевания: 15-17 лет, 2014 г.","Все заболевания: 15-17 лет, 2016 г.","Все заболевания: 18 лет и старше, 2014 г.","Все заболевания: 18 лет и старше, 2016 г.","Некоторые инфекционные и паразитарные болезни: 0-14 лет, 2015 г.","Некоторые инфекционные и паразитарные болезни: 15-17 лет, 2014 г.","Некоторые инфекционные и паразитарные болезни: 15-17 лет, 2015 г.","Некоторые инфекционные и паразитарные болезни: 15-17 лет, 2016 г.","Некоторые инфекционные и паразитарные болезни: 18 лет и старше, 2014 г.","Некоторые инфекционные и паразитарные болезни: 18 лет и старше, 2015 г.","Некоторые инфекционные и паразитарные болезни: 18 лет и старше, 2016 г.","Некоторые инфекционные и паразитарные болезни: Всего, 2014 г.","Некоторые инфекционные и паразитарные болезни: Всего, 2015 г.","Некоторые инфекционные и паразитарные болезни: Всего, 2016 г.","Новообразования: 0-14 лет, 2016 г.","Новообразования: 15-17 лет, 2014 г.","Новообразования: 15-17 лет, 2015 г.","Новообразования: 15-17 лет, 2016 г.","Новообразования: 18 лет и старше, 2014 г.","Новообразования: 18 лет и старше, 2015 г.","Новообразования: 18 лет и старше, 2016 г.","Новообразования: Всего, 2014 г.","Отдельные состояния, возникающие в перинатальном периоде: 0-14 лет, 2016 г.","Прочие болезни: 0-14 лет, 2014 г.","Прочие болезни: 15-17 лет, 2014 г.","Прочие болезни: 18 лет и старше, 2014 г.","Психические расстройства и расстройства поведения: 0-14 лет, 2014 г.","Психические расстройства и расстройства поведения: 0-14 лет, 2015 г.","Психические расстройства и расстройства поведения: 0-14 лет, 2016 г.","Психические расстройства и расстройства поведения: 15-17 лет, 2014 г.","Психические расстройства и расстройства поведения: 18 лет и старше, 2014 г.","Психические расстройства и расстройства поведения: 18 лет и старше, 2016 г.","Травмы, отравления и другие последствия воздействия внешних причин: 0-14 лет, 2015 г.","Травмы, отравления и другие последствия воздействия внешних причин: 15-17 лет, 2014 г.","Травмы, отравления и другие последствия воздействия внешних причин: 15-17 лет, 2016 г.","Травмы, отравления и другие последствия воздействия внешних причин: 18 лет и старше, 2015 г."
Белгородская область,3.0,5.9,0.0,1261.7,1221.4,875.6,5928.4,5551.7,5567.6,5362.9,6187.0,7357.0,7723.9,9498.4,3074.4,3007.5,3573.1,3157.2,7502.0,7029.3,6951.4,3431.3,2618.9,2874.9,10663.0,9934.3,10355.0,6304.0,7073.0,4862.0,5307.2,6591.6,7032.2,1189.0,2031.4,77533.6,84904.6,15340.8,4823.7,5579.4,6200.4,5210.4,1990.0,1523.1,1396.0,1224.9,3290.7,3338.5,3742.3,4697.0,4207.0,4527.5,6115.9,5239.4,7278.2,7252.4,6974.1,2568.1,2458.6,864.0,967.3,783.6,1678.4,1868.2,1968.4,781.7,708.1,783.3,624.2,236.5,400.5,346.2,4.1,5.5,6.2,178353.6,170251.4,56917.9,57083.8,19895.5,11596.3,8869.7,9364.5,1916.3,1293.3,1659.0,4414.8,4340.4,4607.6,318.5,325.5,286.4,381.6,1415.4,1189.7,1397.0,1231.3,2424.0,8425.4,8656.5,4029.2,300.6,1006.4,735.3,1024.8,403.0,365.6,11834.1,21862.5,17240.7,8540.9
Брянская область,10.8,14.3,0.0,1065.9,848.4,705.5,7462.7,6665.8,5753.2,6162.0,5717.9,7745.8,7248.0,6641.6,2778.5,2727.8,2436.8,2242.9,7023.7,6025.8,4920.7,2406.2,2604.4,2512.9,6034.6,6001.4,5003.4,4260.8,3599.2,4539.0,3330.6,6101.3,3466.2,979.9,1830.7,117827.6,79012.8,14474.2,14645.6,19189.9,10424.0,10260.9,5242.4,1189.3,1130.3,983.7,2848.9,2505.4,2036.3,3380.8,3486.2,3668.6,5562.9,5521.0,4023.1,3770.3,3717.3,2759.8,2455.9,2269.8,2885.3,2800.8,5003.0,5279.0,4164.4,1350.4,1434.1,1334.6,850.0,952.7,731.5,1031.9,15.0,18.2,10.9,183270.6,150459.3,59761.1,54465.0,6575.4,3844.1,3907.5,3362.1,2456.2,1785.1,1884.7,3294.6,2590.8,2637.8,472.2,746.4,621.8,640.0,1332.1,1313.5,1278.9,1165.2,519.8,10892.6,10925.4,4333.8,383.4,1057.6,1025.8,976.9,517.9,412.0,9819.6,17123.8,16642.2,9644.4
Владимирская область,9.8,16.2,22.5,1762.1,1426.2,833.9,7402.0,8024.4,6684.8,5323.9,5099.3,6929.4,4137.1,5029.1,3909.0,3183.4,2581.8,2215.8,5042.5,5347.9,6214.8,1992.5,2895.2,2552.6,8607.3,6237.8,7039.0,4858.8,5200.3,3408.9,3799.3,4233.0,4543.2,693.3,1188.0,169476.3,94048.4,21143.8,7136.4,6228.8,7308.5,6336.2,2519.1,985.9,963.0,927.3,1551.3,1700.9,1422.8,3055.3,2471.8,3085.5,6055.1,5675.7,3950.4,4207.1,4320.5,2868.1,2671.8,1088.0,886.8,1052.0,2878.9,2325.3,2874.6,1133.1,1734.2,1256.3,1633.6,197.2,242.2,138.8,4.0,0.0,4.7,174301.6,173935.0,62645.2,65147.6,10605.8,6938.3,6354.5,4872.9,3855.4,3548.6,2815.9,4938.8,4682.0,3683.8,515.5,638.8,767.3,344.1,1236.0,1347.4,1240.6,1123.5,1904.7,13904.2,16531.8,6015.8,580.9,1628.0,1451.7,1424.7,558.8,548.6,10511.7,17135.2,22348.8,9579.1
Воронежская область,17.0,4.2,4.2,536.1,365.6,267.8,5420.0,4220.8,3902.3,5613.6,4844.4,5440.5,4755.7,4530.2,2076.4,2092.0,2406.0,2401.7,5835.1,6333.4,5299.7,1679.4,2233.5,2270.4,3951.5,4060.9,5090.4,3741.2,3950.8,3103.7,3131.0,2390.5,2372.3,711.7,1127.3,76471.0,46754.5,12928.6,4470.9,4125.1,4505.0,5164.8,1388.8,579.7,849.7,642.5,1283.8,1232.9,997.7,4112.3,6051.4,5717.9,4977.7,4524.2,3940.9,5112.7,5336.0,1544.7,1477.2,1079.4,1359.9,1122.1,3013.1,3742.2,3083.0,672.5,1308.2,1624.7,522.8,287.6,283.8,257.6,5.8,4.7,5.6,94335.0,97389.1,39699.4,42252.2,6076.9,1994.1,1800.6,2014.4,931.8,935.3,857.9,1604.6,1682.0,1447.4,264.9,194.7,205.5,212.7,1024.5,874.3,878.8,907.9,1597.9,6542.3,6622.6,2443.4,801.7,2070.5,1666.8,2523.8,590.3,534.6,6799.9,11126.5,10978.0,5422.5
Ивановская область,4.5,4.4,0.0,1019.0,538.1,491.3,3765.4,4541.0,105.1,8653.4,6173.7,9245.0,7119.1,6554.6,4652.8,7288.4,4602.4,3832.0,6782.2,6179.5,6044.4,1382.0,4719.6,2553.6,11311.9,6618.5,7215.7,6638.2,485.9,3817.2,2612.3,2846.5,2963.0,465.8,1148.6,186637.4,102812.0,21085.0,5241.1,3036.3,2942.0,2975.3,1096.9,655.6,737.6,559.1,1126.2,886.3,959.1,2712.9,2660.1,3336.1,8187.9,6288.2,4422.4,4029.4,4093.5,3142.1,3767.8,1510.5,732.5,973.0,1992.6,1624.9,2220.2,1092.1,1174.3,1790.3,1692.1,552.8,775.5,510.2,12.3,11.8,0.0,186707.9,173030.8,60390.5,58294.9,6002.3,3564.4,2613.8,2526.3,1569.8,1351.9,1935.7,2770.1,2079.0,2486.8,558.5,796.2,812.4,812.2,1230.2,1259.2,1681.5,1131.2,525.8,13185.5,11464.5,4783.7,730.5,923.2,648.9,1006.6,657.6,486.6,12083.2,19583.3,22977.7,8366.9
Калужская область,4.6,9.2,0.0,302.6,452.6,242.3,6268.3,6631.6,5129.9,5189.8,5044.0,8072.1,9219.5,9315.9,2167.9,2802.9,2362.7,2694.3,5971.3,4789.1,8263.2,3917.6,2432.2,2461.8,4287.4,5278.2,4910.0,3869.9,4565.2,2212.3,1711.0,3604.9,3763.8,1833.8,1692.7,124921.8,74482.8,17900.2,6400.2,4397.8,4817.6,4028.0,1881.5,406.4,752.1,813.3,658.0,1300.2,3117.5,2379.5,2745.7,3227.0,3776.9,3782.9,4029.9,3876.1,4889.6,2171.8,2393.4,716.5,968.8,1416.3,1941.4,2025.7,2581.0,596.1,765.6,1047.0,436.4,331.1,391.3,504.0,16.1,13.3,27.3,137842.8,140576.4,49131.7,54184.5,4804.4,3265.6,2963.1,2922.4,2110.4,1853.2,1614.5,2635.0,2323.8,2131.5,390.1,339.2,338.3,532.5,883.3,937.2,1116.5,802.4,1281.9,10094.2,9727.4,4261.2,431.8,1010.8,670.6,882.8,457.1,363.9,5059.2,14603.3,10730.4,6500.3
Костромская область,0.0,31.9,18.9,1156.5,591.9,737.8,9836.0,8690.2,7693.0,4306.6,4088.7,3756.3,3780.5,4222.2,1826.3,1513.8,1155.6,1626.6,4130.2,4606.6,2677.5,1627.4,2995.5,2402.7,5269.2,4004.2,3409.8,3345.1,3112.8,1832.5,1786.0,2404.5,2523.0,595.6,896.6,161899.5,78082.3,11941.6,5369.6,2870.5,3298.6,2248.4,1419.4,385.2,545.2,393.6,891.6,963.8,778.1,3093.9,3201.2,2658.7,5413.2,5515.3,3094.8,2380.7,2385.7,1884.7,1643.6,1463.9,1948.2,1420.3,2404.5,2552.8,2340.0,664.4,867.8,894.0,959.3,224.3,218.0,200.2,6.0,4.7,5.9,132133.0,130505.2,46167.2,41147.8,8554.3,2789.9,2908.5,3272.5,1664.2,1445.2,1144.3,2758.6,2672.5,2535.3,712.9,425.7,361.4,246.0,1237.8,1193.5,1039.7,1108.5,896.1,6948.5,7817.6,3403.5,578.7,969.5,1087.0,1064.2,381.3,398.7,11863.4,20461.3,19297.4,9069.2
Курская область,0.0,0.0,0.0,407.5,366.9,203.9,2530.4,2413.8,2534.3,4648.8,4527.7,3828.5,3335.8,4750.4,2170.6,2000.9,3789.0,3847.8,4328.1,4944.3,6471.3,1311.0,2204.4,2266.8,4417.5,4683.3,2953.8,2102.8,2073.7,4369.2,3822.2,3636.5,2185.7,553.6,1333.5,106872.0,43307.8,10059.0,5242.6,6244.0,4201.1,4766.9,962.1,314.3,579.5,363.3,1227.6,1235.2,1282.4,2442.0,2523.0,1912.1,4232.4,3706.2,3348.7,2962.6,3342.8,1907.7,1719.0,1434.2,1533.2,1428.5,1915.9,1565.5,2086.8,704.2,986.1,1027.1,911.1,284.6,611.0,448.3,6.9,7.5,10.6,95738.1,92641.9,33071.8,33301.0,7714.4,3203.1,3002.2,2878.0,966.1,1370.5,1224.3,2012.7,2386.3,2215.5,294.6,258.1,327.0,402.2,1182.7,1083.2,1126.6,1019.1,1086.0,5118.8,3917.7,2157.9,340.9,766.2,1091.2,1247.5,461.3,379.7,9221.3,12799.0,12266.8,5978.3
Липецкая область,3.9,7.7,3.8,818.5,1084.6,660.5,5321.9,9018.5,8218.8,3319.0,2735.0,4099.3,4211.1,3277.4,2864.6,2764.6,2287.0,2192.2,2867.9,2946.4,3134.4,2130.2,1076.5,929.2,2794.2,2542.7,2498.8,5435.5,5425.0,1669.9,1194.5,2841.1,1840.0,209.6,479.0,101104.6,55886.1,16340.2,3585.3,5856.2,5282.2,4315.6,1247.2,320.9,293.7,373.1,829.9,724.1,708.7,2655.2,3599.1,3013.2,4076.8,3616.9,2904.7,2125.6,2295.9,2283.6,1905.6,336.7,410.8,320.6,752.9,931.0,735.3,828.4,1293.8,853.1,680.7,120.5,140.1,226.3,7.3,3.2,4.3,116916.0,103989.5,53337.8,52174.9,7171.9,3637.5,3810.7,3507.0,1769.8,1700.3,1749.6,2750.5,2603.4,2637.3,118.6,133.9,156.8,103.1,1014.4,1012.2,949.2,856.4,1896.7,7723.5,10129.5,4143.6,415.5,894.3,1068.1,1495.8,500.3,459.8,14857.1,15530.6,16982.8,9698.0
Московская область,2.6,1.9,3.8,1045.3,771.7,621.2,4537.5,5598.2,5119.0,5187.2,4649.6,5795.2,6055.7,6707.8,2122.1,2125.6,2794.4,2564.2,5138.3,4944.2,4458.2,2479.7,2057.8,1965.6,5595.6,5212.5,5123.0,3351.3,2828.3,3025.4,2260.1,3680.1,3030.1,900.0,1434.9,123973.7,74402.8,18430.3,10519.7,8568.3,5071.1,5708.3,3091.8,659.0,647.5,559.1,1289.1,1132.9,1091.1,2628.7,2737.6,2770.9,4806.2,4362.9,3454.7,4036.2,3638.8,2007.9,1927.2,587.9,564.9,712.8,1634.3,1407.6,1566.0,623.8,683.2,680.2,581.1,214.9,155.9,186.5,4.9,2.1,0.0,142025.1,142486.3,50993.8,51181.1,6339.0,3602.6,3191.9,3391.7,1594.4,1711.2,1519.1,2432.7,2460.1,2228.5,482.6,516.0,553.4,580.7,1163.8,1140.7,1116.4,1042.3,1707.1,9263.2,9940.8,4254.9,487.5,877.9,882.2,994.4,376.7,370.9,9914.0,18547.9,22646.1,8436.8
Орловская область,11.8,5.9,11.7,1631.2,1078.6,868.9,6228.5,5816.4,5963.3,7276.2,7319.5,8726.7,9378.7,8361.8,6278.0,4797.6,3498.0,3508.7,8514.2,8919.6,7008.5,4655.0,4237.8,4104.7,11048.7,9187.0,8221.0,6865.0,5669.2,4233.4,3477.3,5251.2,4663.9,945.3,1585.9,135552.5,88559.1,24947.5,7015.3,6364.1,7688.6,5051.3,2296.2,981.5,984.0,1207.3,3612.1,2734.4,2415.0,3246.9,3835.9,3583.2,4981.2,4837.1,4451.9,3804.0,4930.6,3502.9,3827.6,1398.0,1625.5,2479.8,3409.7,3889.7,5529.3,1445.1,1538.1,1482.7,1185.3,976.4,701.3,573.6,30.6,24.2,22.4,168735.8,168766.4,70451.0,72111.5,8541.5,3263.0,3375.1,2842.6,2182.7,2091.0,1828.3,3328.0,3092.4,2755.7,571.1,581.8,580.2,669.1,1771.1,1910.5,1858.2,1559.0,828.3,12510.4,11939.0,5517.4,310.2,1210.8,1001.2,1411.4,653.0,655.1,13784.1,19107.6,20119.7,8933.7
Рязанская область,0.0,4.3,0.0,568.1,405.6,611.7,6053.6,5076.3,5494.1,5624.1,5980.0,6121.6,5027.8,5264.5,2753.0,2225.9,4562.2,4964.1,8505.2,9150.0,8290.9,2356.7,3103.0,3202.2,5529.3,5216.2,5141.0,4009.0,3607.2,4334.2,4127.1,4156.9,4396.2,629.7,1211.4,129419.6,74647.6,12449.6,5436.4,4297.7,4187.4,4755.8,1322.0,883.0,935.5,932.0,2531.7,1992.3,2147.2,3032.6,3836.9,4275.3,5455.9,4521.3,3449.0,3495.6,3168.1,1902.8,1854.0,2080.8,2182.0,2803.4,5067.0,3756.4,5388.0,919.1,885.6,1267.6,1096.5,729.5,336.9,919.2,28.8,24.6,25.8,154476.5,143187.8,46097.0,46770.5,8124.5,5392.0,4299.7,4341.7,2906.1,2402.6,2076.7,3776.3,3259.4,2910.9,838.3,603.1,550.6,436.0,1838.4,1214.2,1163.4,1680.4,1507.5,11712.9,10744.3,3409.3,360.9,1615.6,1300.7,1278.5,488.6,413.4,11857.7,16985.1,15622.7,7964.2
Смоленская область,5.1,0.0,0.0,636.1,474.2,521.6,4397.1,4276.9,3970.0,5808.4,5800.9,8113.3,8836.0,8263.7,1884.5,1681.0,3816.7,3819.3,6753.8,6576.2,7005.7,2899.5,2471.8,2193.0,5169.8,4776.2,4778.6,3274.7,2744.4,2018.8,2182.8,2045.9,3133.9,787.2,1116.1,116108.1,81610.1,18202.5,4743.2,6322.6,3617.5,5872.2,1640.0,606.4,587.0,448.3,1667.5,1861.8,1827.0,3864.8,3650.9,4433.1,5968.4,5374.9,4690.2,5439.6,5858.8,2466.8,1874.9,2076.1,2659.2,2527.5,3651.9,4179.2,3640.6,1037.9,973.9,1594.6,2438.8,968.0,579.3,1000.2,14.9,8.1,2.8,167744.6,153609.5,52451.7,51950.0,6756.3,3141.5,3201.8,2662.7,2210.6,1824.7,1917.7,2986.6,2562.1,2548.4,409.4,545.6,720.9,729.0,1392.2,912.9,992.3,1245.1,1514.9,9415.1,11492.4,3849.7,237.9,778.3,795.7,950.4,353.0,254.0,8861.3,30235.8,19279.0,7115.4
Тамбовская область,0.0,0.0,4.5,2158.9,1963.1,899.3,8482.5,7870.7,7298.7,4548.6,4037.5,5099.1,5529.0,4870.8,1836.7,1646.8,3410.4,3431.1,6029.6,6606.8,4705.9,1641.8,2287.5,2011.6,3481.9,3274.0,3195.9,4907.9,4050.7,2652.6,3003.9,4696.7,4167.1,697.7,1199.4,125633.1,81693.2,15115.7,7560.7,5317.0,4793.3,4577.6,1359.4,1792.7,1453.3,1481.5,1931.1,2575.0,1905.8,2803.3,3526.0,3112.9,4838.0,4487.7,5420.4,4120.1,3514.8,2138.5,2107.3,1152.8,1178.0,1325.0,1340.3,1931.3,1759.2,606.5,1502.6,1395.5,1132.0,151.4,165.5,77.0,16.2,4.1,4.8,132282.2,132420.7,43537.0,43169.9,5137.0,2285.6,2501.5,2228.3,1124.4,1098.5,1160.1,1696.0,1688.6,1804.6,435.7,439.4,316.4,260.2,1338.5,1137.3,1023.5,1190.1,3733.6,6508.6,5220.9,2599.4,368.5,500.3,461.8,594.5,496.5,495.1,12676.2,9253.0,14004.0,4868.7
Тверская область,0.0,0.0,0.0,555.7,759.5,583.5,9483.1,10129.9,9360.5,5290.5,6960.2,4462.6,5096.6,4890.6,2138.7,2095.3,4432.1,4097.2,6798.1,7292.2,6228.3,2818.5,3258.8,3402.4,4511.6,4277.8,3847.5,4979.9,4264.3,5562.3,4855.3,5884.7,4890.6,997.9,1995.3,135802.0,81100.2,21144.4,9469.1,7735.9,8411.5,6366.4,3679.8,987.7,1356.8,974.0,1980.0,1993.3,1834.7,4340.1,5332.0,2847.7,6732.0,6440.3,4453.4,4057.0,4197.2,2244.5,2184.5,1735.1,1834.4,1600.6,2240.5,2683.2,2672.4,969.4,1216.7,955.6,1147.4,346.3,472.2,328.3,20.0,26.2,26.8,172369.5,154723.4,63638.2,60793.7,9283.8,3720.8,3781.0,2472.9,2367.2,2508.7,2257.3,3466.0,3569.2,2960.9,973.5,496.5,463.0,303.7,1363.5,1387.7,1219.3,1255.5,2314.9,13668.9,11910.4,4911.6,994.3,2171.1,2212.1,2157.7,699.9,651.1,9886.0,23707.4,27628.6,9687.1
Тульская область,0.0,3.3,16.5,1285.5,1342.1,664.3,6725.9,4869.0,6338.9,5064.9,4711.8,5755.5,4238.3,5500.8,3790.4,2780.3,2661.9,3643.2,5653.1,3897.6,4852.1,2841.4,2316.9,2184.4,6802.5,6603.0,6444.0,4076.4,3945.3,2622.8,2951.0,4233.4,4699.2,987.7,1189.2,129472.0,75424.9,17030.1,6421.5,5761.2,4760.6,3673.8,1420.0,1314.6,1221.3,1115.8,2680.0,1683.4,2521.0,3648.0,3921.9,4413.1,4823.8,4613.4,3089.7,2461.2,2773.1,3084.8,2725.4,2463.4,957.7,821.9,2133.8,2336.3,2654.1,878.7,1529.3,1865.4,839.9,2.8,102.2,25.5,5.2,0.0,0.0,143560.3,128883.4,51837.9,52546.0,7110.6,2975.9,2634.4,2368.0,1785.8,1791.6,1728.1,2519.5,2530.3,2303.0,412.2,446.7,335.0,218.1,1354.7,1130.4,1002.1,1199.7,1870.3,11356.7,10173.8,4329.5,723.1,650.1,549.5,802.3,384.8,291.6,7317.3,9937.7,10027.2,5911.5
Ярославская область,3.6,14.2,624.4,884.1,875.8,1094.4,6435.5,7198.4,7998.8,6540.6,6098.4,4589.9,4120.5,4431.7,2859.2,2810.0,2475.1,2867.4,4953.7,4593.1,5654.1,2946.4,2924.9,2951.6,5207.1,4868.2,4902.6,4921.8,4953.9,2254.3,2297.2,1858.0,2148.1,697.7,957.5,163659.4,89540.1,20665.3,4693.9,3245.1,2806.3,3377.0,2449.7,157.5,164.3,180.0,724.4,550.3,722.5,2781.0,2632.8,2394.6,6638.4,7039.9,2559.7,2492.4,2764.2,2490.8,2490.0,1906.4,2091.8,2282.5,1978.2,2531.2,2573.9,1018.7,979.7,877.9,1011.9,256.6,178.0,174.2,15.8,15.9,13.7,129092.1,145029.7,56612.7,60102.1,8065.5,2874.8,2916.4,2712.6,1903.8,1845.3,1962.4,2931.6,2835.6,2966.2,422.5,490.5,508.2,535.4,1574.0,1717.2,1642.0,1367.8,1270.5,8895.7,6577.8,3730.0,630.0,873.9,948.3,893.3,335.7,377.4,13716.5,16878.3,17597.7,10092.1
Москва,0.0,0.0,0.0,63.2,16.7,9.8,7635.6,6592.8,6781.5,7860.5,8261.9,5157.1,5377.4,5062.2,1769.0,1638.9,5244.6,4105.2,4272.6,3656.5,3816.3,1763.2,3691.9,3583.9,3685.8,3451.6,3818.4,3606.2,3195.4,3382.0,3426.3,3295.6,2841.9,415.5,902.1,126455.8,61786.0,14707.8,4972.5,3992.8,3489.6,3566.1,1209.5,682.4,572.4,692.9,1271.1,1143.3,1156.0,1595.5,1746.5,1619.3,6145.1,6032.1,2810.8,2918.1,2929.1,1497.1,1315.7,1544.5,1483.8,1447.9,1662.0,1987.8,1947.8,631.4,767.6,671.8,964.3,100.9,81.5,106.3,1.6,1.3,0.9,120236.2,120358.4,44203.7,41888.3,5405.9,3105.7,2993.6,2734.9,1524.3,1386.1,1556.0,2155.8,1964.7,2122.9,715.2,385.0,640.3,719.0,929.9,984.6,1094.0,871.4,232.3,9595.1,9402.1,3298.5,328.6,1051.9,732.4,1148.9,421.1,258.4,16681.4,20983.1,19256.1,7074.4
Республка Карелия,45.2,0.0,31.8,1269.5,1601.7,1314.7,14917.0,14682.1,12306.6,6010.6,7019.8,7590.1,6446.1,6418.9,2469.6,2317.7,4266.6,4702.2,10011.8,8823.8,8414.5,5039.3,4106.5,3419.9,9031.3,6358.1,6518.1,9126.2,7685.8,4481.0,4159.8,6857.6,4738.3,1162.8,1963.7,173828.8,109587.4,23626.3,12478.6,9456.6,10391.3,11483.9,3346.4,1467.6,1128.3,1364.4,3112.8,2506.8,2322.5,3318.0,3466.3,2964.1,8276.8,8090.9,5109.3,4033.2,4469.9,3813.6,3615.4,1837.4,1977.8,2319.3,2917.9,3052.8,2911.8,1575.0,1605.8,1528.6,2498.8,1287.7,1450.1,811.1,45.6,32.9,27.9,212799.8,199410.6,77135.0,76026.3,11041.2,5392.8,4409.0,5135.1,2680.0,2427.7,2346.1,4239.3,3925.2,4214.0,829.3,856.5,821.9,723.6,1893.6,1770.8,1594.2,1690.5,1857.3,15701.6,16178.4,5963.7,470.8,739.7,688.6,697.0,732.2,754.7,11457.9,21961.0,21281.4,11012.1
Республика Коми,51.3,12.7,42.1,1902.2,2842.2,2472.8,8168.7,9215.5,10097.0,9167.4,8600.8,11165.6,11590.9,8303.8,3035.8,3506.9,6598.6,5736.7,11938.8,11279.6,9152.6,4651.0,6592.9,6084.5,12903.3,12163.5,11876.8,6762.5,7792.8,2938.9,2407.0,4811.5,4939.0,1077.3,1331.5,179465.3,94169.6,20861.6,11593.6,6618.2,6041.4,6293.4,1898.7,732.1,709.9,604.9,1408.6,1936.9,1666.9,2414.0,2612.1,2676.6,7410.5,5604.2,3410.5,3654.8,3719.7,2100.8,2321.1,1981.3,1968.0,1681.3,2836.4,3424.2,2685.6,1582.7,2004.0,1870.4,1321.5,363.6,392.0,308.7,23.1,22.1,34.3,193213.4,189296.2,61760.2,70967.1,11288.6,5875.6,6179.7,5305.6,3088.8,3032.6,3068.4,4881.4,4664.2,4554.5,829.5,960.8,930.0,1030.3,1546.2,1658.1,1789.5,1411.9,2371.2,21714.3,20352.2,5988.2,837.0,1691.0,1396.8,1343.5,642.7,593.4,12977.6,18698.6,22306.7,9532.9
Ненецкий автономный округ,0.0,0.0,0.0,4041.7,1687.2,3100.8,9578.1,8420.0,8741.9,13312.4,10523.7,14746.0,17989.7,14302.5,3584.7,3843.2,9637.6,9078.2,12391.6,13522.5,21365.5,4938.1,6347.4,6963.9,16047.1,6821.6,12419.1,8171.0,8594.1,3938.0,3787.6,4646.8,6003.5,1098.0,1975.9,203300.3,112242.5,23486.3,19437.1,14436.2,10987.0,9888.2,5310.4,860.5,751.5,495.9,2168.5,2535.5,2060.0,2876.3,3231.3,3553.0,8797.3,7002.6,4770.8,3139.1,3943.5,3281.0,3122.6,2581.5,3537.1,3679.8,6691.4,8693.0,9358.4,2418.4,4038.3,2554.8,3816.6,1672.9,301.8,1118.3,34.5,68.8,81.1,235687.7,239611.5,80885.2,81451.8,15781.6,8426.3,7727.1,5709.2,2841.8,2280.3,2742.0,6531.7,5577.3,5561.4,734.0,991.3,1207.4,1942.3,1533.8,1651.6,1718.8,1385.7,1676.3,17766.7,13135.1,5922.1,597.3,2233.6,2118.9,805.5,768.5,795.5,14969.9,19021.1,24720.4,12518.4
Вологодская область,0.0,0.0,3.3,571.8,529.0,480.2,7377.6,7480.3,7033.1,9002.3,8709.4,6875.3,6149.9,5801.5,2628.8,2570.3,3274.5,3003.7,5495.1,4415.5,5114.3,3251.0,2095.4,1965.2,3919.1,3793.9,4104.1,4129.3,4023.8,4455.5,4278.9,2991.5,4034.5,899.3,1455.2,151890.8,104287.8,16775.5,7948.6,4721.6,4501.6,6051.7,1380.0,430.4,361.9,389.7,1251.8,1370.9,1434.5,2732.4,2696.1,2989.1,7699.8,8951.6,3514.7,4074.4,4139.0,2100.2,2203.5,1849.5,1726.2,2001.8,2009.3,2537.7,2419.4,1274.8,1536.0,1257.2,1007.6,446.2,455.9,440.2,18.9,19.3,9.5,164185.5,171825.3,50786.8,52820.4,11018.7,4474.4,3245.5,3990.1,1850.7,1915.6,1868.2,3859.8,3545.6,3524.1,478.4,401.2,325.2,478.2,1030.8,1208.9,1210.6,909.2,1317.1,13914.0,15670.0,5331.5,488.3,899.0,874.0,1001.4,458.6,515.6,14974.1,18892.6,16153.7,7031.4
Калининградская область,0.0,0.0,0.0,582.8,526.3,351.4,13259.7,13271.3,18487.3,7331.3,6405.9,5590.1,6873.4,5575.5,1329.2,1338.3,5821.1,4755.2,8115.9,8075.5,6891.4,2375.5,3204.8,2892.7,4800.1,4260.4,3110.9,5275.2,5671.9,4481.2,4500.4,5143.2,3223.8,851.0,1446.3,120211.6,69163.7,18153.8,10012.6,8534.8,6510.9,5419.7,2392.9,646.3,753.6,523.3,1364.6,1659.2,1794.9,1975.4,3586.8,3820.5,5178.1,4234.4,2765.1,2751.0,3519.7,2373.1,2170.3,914.5,1386.8,1106.6,1967.1,2955.9,1530.1,772.2,1658.4,1087.4,2541.6,407.0,476.9,171.3,11.3,2.3,9.3,126059.4,124968.9,50243.6,58035.4,7662.7,3738.7,3582.5,3803.9,2442.1,1859.5,2826.9,3549.7,2836.3,4036.9,864.8,698.3,599.1,478.9,997.8,990.1,1191.5,975.6,917.8,15948.1,9807.6,3489.7,1066.5,1202.1,1027.9,1284.8,619.6,348.1,5803.3,9041.6,9846.6,4739.5
Ленинградская область,8.1,10.6,5.2,802.1,632.9,379.2,6712.5,6682.5,6296.4,3765.2,5027.9,3005.4,4424.7,4786.2,1965.5,2397.7,1900.2,1773.6,3148.1,3366.4,3556.5,3311.5,1514.2,1441.8,2490.0,2293.8,3030.4,3888.3,4546.5,3042.4,3987.0,3428.8,4281.5,669.6,1186.1,112905.7,81461.9,13921.2,5336.9,5330.8,5413.6,4745.9,2770.4,514.2,435.8,367.2,721.1,950.5,1087.5,3362.4,3535.7,3613.4,3993.1,3785.0,2233.5,2221.9,2627.7,1446.2,1432.4,770.3,864.7,985.6,1030.8,1422.2,1923.9,748.9,979.3,1112.9,484.5,210.5,241.8,341.2,17.6,15.1,19.7,110366.4,129835.3,40805.5,46771.3,7843.9,2736.8,3320.9,2990.2,1478.5,1414.5,1370.3,2285.3,2345.8,2001.8,434.4,317.0,316.1,360.1,1358.3,1551.7,1428.1,1183.8,1080.2,7188.3,7992.5,3289.9,863.8,1623.3,1158.6,1662.4,381.9,404.1,6631.1,11278.6,9814.0,4309.6
Мурманская область,5.2,0.0,20.4,780.2,714.9,739.3,5713.4,5750.6,5514.6,8917.6,9668.5,9278.9,5891.1,10404.5,1414.3,1355.8,5315.2,5891.4,8774.1,9932.6,11174.3,2547.4,3972.8,4112.5,7735.6,8381.5,9261.7,5725.8,5449.1,3701.8,4262.6,4945.2,5259.6,482.9,1275.4,147295.4,91312.0,15692.1,9865.6,10191.2,6459.5,6455.0,2064.8,285.7,410.9,615.4,1111.3,968.2,1396.2,2714.0,2705.1,2626.9,7023.2,8845.7,2940.9,3285.2,3810.8,1858.6,1730.0,3368.0,3557.0,3362.1,3135.0,2721.6,2983.6,1029.2,1469.8,1389.6,328.4,97.1,110.8,181.7,11.0,7.7,7.9,176817.4,177015.4,51265.9,50910.1,9563.8,5910.9,5433.5,7081.4,2254.4,2089.0,2202.7,3891.9,3451.1,3653.8,944.1,999.7,708.1,875.0,1903.6,1916.6,1666.7,1727.7,4250.5,16403.6,13306.8,4877.5,702.6,968.2,760.3,990.0,449.8,403.9,9523.8,15296.5,12819.2,7008.0
Новгородская область,21.7,7.1,14.0,481.5,756.5,731.2,4132.4,8033.9,8368.4,5069.7,4804.0,5099.2,5529.3,4378.8,2123.7,1933.5,2277.2,3041.2,6433.1,5072.8,3582.1,3042.7,1726.9,1987.5,5380.0,4545.6,4540.7,7226.6,7126.4,4098.7,4264.6,5112.0,3608.0,992.3,2156.3,145897.7,95660.1,20959.8,7420.9,7435.1,8216.8,4864.6,3634.0,448.4,600.5,399.6,1314.7,990.1,1029.9,4542.2,5983.4,4928.8,3883.8,3249.8,3516.5,2919.0,2338.4,3030.6,1808.9,1053.2,798.7,922.6,2291.1,2861.1,2195.9,1659.9,1887.4,1802.3,1409.1,408.4,353.6,356.3,25.5,9.3,7.8,172550.9,150459.9,69162.1,62329.1,7598.4,3924.9,3780.5,3167.5,2155.8,1558.5,1586.3,3151.1,2577.6,2396.2,606.4,536.1,469.3,466.4,2466.5,1811.7,1749.1,2109.3,500.0,12940.0,12738.5,4677.3,401.1,1221.6,1153.0,1321.1,403.1,373.1,10723.0,15182.8,14801.1,9473.8
Псковская область,0.0,6.9,0.0,899.9,764.6,313.6,5178.3,4055.1,3719.9,5304.9,4137.8,4485.4,3441.6,3728.2,2377.6,2405.6,2925.6,2991.8,4466.7,3911.7,4403.2,2363.3,1945.6,1150.2,4647.4,4350.6,4352.8,3611.2,4303.8,3842.6,3534.6,2790.9,2977.5,766.0,1574.4,126906.6,78766.1,14250.8,5486.7,6404.2,4889.7,4327.5,1417.6,721.8,492.7,141.2,704.0,539.1,397.4,3888.6,3294.0,3814.6,4270.2,3576.0,2398.5,1855.6,2195.3,1932.3,2057.7,444.1,482.4,451.1,1052.8,1554.7,1204.9,903.0,1486.7,1199.0,480.2,243.0,119.1,113.6,5.8,3.4,4.9,138593.3,129573.6,43469.9,48108.3,8245.1,5257.9,2407.2,4396.9,1424.0,1517.9,1617.4,2739.9,2552.2,2646.1,148.3,143.3,150.5,126.2,1165.7,1203.6,1056.6,1008.3,4145.0,9220.8,9487.9,2613.1,455.4,1586.0,1097.7,1538.7,424.9,387.7,9749.7,15780.0,14502.9,7262.2
Санкт-Петербург,5.5,9.8,11.8,420.1,553.1,558.6,6626.9,6881.6,6588.7,7855.0,8725.9,6617.9,7863.0,7561.1,2417.5,2510.5,5204.9,7172.7,8101.3,9374.6,10842.4,2636.1,4000.2,4713.5,8579.5,8891.2,6688.9,5830.5,6300.6,5675.5,6606.2,6191.4,6444.7,840.7,1453.1,135466.1,95087.5,30504.6,8956.1,8614.6,7694.2,8402.2,1163.5,697.7,986.7,947.9,2159.8,2306.7,2644.8,2026.1,3204.7,3191.6,7254.7,8236.2,4361.5,4150.2,5151.1,1958.3,2043.0,1719.4,2026.1,1796.7,2518.9,2761.4,3118.2,853.6,1502.5,1793.3,1437.9,500.7,787.5,805.2,7.6,7.3,5.0,183694.9,196753.6,63571.0,75125.2,11553.9,6783.8,5762.5,6397.6,2746.7,2668.3,2685.0,4195.1,3920.0,3945.1,1038.2,952.5,744.3,1315.3,1348.4,1586.1,1674.3,1293.0,1704.2,17303.8,19759.0,4621.1,1025.1,1511.6,687.4,816.9,331.9,328.9,14664.2,27263.9,26772.6,11403.5
Республика Калмыкия,0.0,0.0,0.0,130.0,177.6,91.0,6535.8,5924.8,11798.8,2649.5,2450.3,3322.4,5570.0,6337.8,3851.0,1691.8,2398.3,4027.9,2137.3,5678.1,5032.6,1334.7,1580.3,4379.2,2909.7,4748.0,5054.8,4214.1,6204.5,1367.5,1128.7,2825.1,6879.8,753.7,1085.0,111756.1,107886.3,10433.7,5918.2,4158.3,9679.9,13516.2,1657.8,636.6,407.0,423.1,1100.4,5375.3,3085.9,2723.3,2772.6,3031.7,3333.2,3598.2,3047.3,5061.6,4103.5,1455.7,1518.7,603.5,441.7,561.8,1238.0,3817.9,3296.1,1354.7,1171.0,1447.9,394.2,52.9,64.9,44.2,0.0,1.4,3.8,134652.4,182590.4,40177.6,41436.2,5928.7,4232.4,3731.3,4711.9,2193.4,3580.5,1545.1,2895.2,4068.3,2694.7,308.7,264.5,270.4,464.6,1169.9,1093.5,1067.8,944.9,1416.8,9549.6,8327.1,3193.5,191.9,1341.1,652.6,1227.4,735.3,371.7,5252.2,8337.7,12753.0,3871.7
Краснодарский край,6.8,3.7,5.9,624.3,525.6,1495.0,6303.8,6744.4,6783.1,4768.0,3775.8,6215.6,5578.1,5680.1,2802.1,2863.6,3180.8,3253.5,6546.1,6259.0,7231.1,2992.1,2180.0,2024.4,4991.4,4766.7,5473.3,4414.5,3977.3,4434.4,3679.2,4919.9,4836.3,1478.6,1956.5,79540.6,60745.2,13476.5,7223.4,9205.7,8414.2,7624.0,3033.0,522.2,502.9,546.9,1575.0,1787.6,1539.3,3669.1,4303.5,7336.0,4057.6,3463.5,4129.3,4341.5,4544.9,2480.7,2413.0,788.1,781.5,816.5,2053.9,2465.2,2364.2,1065.7,1325.7,1646.1,682.0,267.8,255.7,336.3,14.1,11.3,11.4,125647.5,130165.1,50204.7,53215.4,3753.6,2768.9,2088.3,2459.8,1525.3,1358.7,1327.5,2111.9,1784.9,1796.7,308.0,335.2,290.1,309.0,1344.3,1404.8,1564.5,1060.1,1528.5,7718.6,8983.7,3393.2,427.4,374.2,335.7,539.6,320.5,255.1,10212.2,15462.4,19586.1,7128.2
Астраханская область,47.2,11.7,0.0,783.2,646.3,496.4,7533.2,7179.5,6762.1,5114.5,5868.0,5905.4,5911.1,7474.3,2875.9,3160.5,1731.5,1564.5,4732.2,3522.3,3621.3,2688.7,2253.5,1865.9,9094.8,8278.4,7677.5,5106.0,4133.4,3342.9,3775.0,2870.2,4822.5,816.7,1601.5,86816.7,47829.3,12662.7,4491.1,4574.3,10288.0,7385.2,1696.4,262.1,330.9,562.4,480.8,1012.0,1276.0,5170.1,4262.8,3558.2,5247.9,4760.2,3896.2,3736.9,4715.6,3145.5,2809.3,988.0,2387.1,3545.3,1984.0,3815.6,4369.8,1419.4,1385.2,1582.2,1205.8,276.3,443.4,445.5,21.0,6.9,8.0,98600.8,105549.6,50122.4,45383.9,5890.2,2769.7,2363.7,3154.4,939.5,637.2,728.2,2671.7,1661.9,1915.3,278.9,143.5,236.0,342.2,1269.5,1048.1,1064.2,965.5,2484.4,5288.5,4061.3,2792.4,838.5,1294.5,841.2,1671.9,839.0,628.5,5020.7,6457.9,8247.8,6468.3
Волгоградская область,5.2,6.8,0.0,1438.5,350.9,374.8,10564.6,8592.1,5076.1,5281.3,4567.4,5476.5,5912.4,6805.0,2006.7,1830.7,2080.5,1962.8,4136.2,4007.2,4289.8,1487.5,2423.4,1742.9,6887.1,5151.5,4223.8,5125.8,3882.9,3165.1,2545.3,2831.7,2270.3,564.0,973.9,111801.8,63386.4,12634.2,4082.2,5330.1,4366.9,6526.4,1823.3,813.9,874.5,837.6,1648.2,1902.2,2126.6,3073.7,3212.6,3146.8,4466.9,3985.7,2821.2,2595.0,3779.4,2178.5,2054.2,1175.5,1213.8,1493.5,2365.4,2137.6,2683.9,546.2,1338.3,1472.4,925.2,360.1,364.2,315.3,3.8,5.2,2.2,124338.8,123443.6,47038.1,44768.3,5986.7,2842.1,1996.9,3082.8,1813.1,1668.9,1566.4,1824.5,2360.8,2252.2,191.7,267.5,112.5,211.2,1128.0,1023.0,985.1,1250.5,2335.3,8731.0,9074.8,4396.9,763.1,1184.2,1107.3,1297.0,418.5,444.3,7246.6,14649.9,14817.0,7774.5
Ростовская область,54.8,53.5,8.3,1424.1,795.1,1591.4,8147.5,8388.7,7562.2,5573.2,4994.7,7886.1,6297.1,6166.5,3159.8,3079.4,3884.0,3733.8,7782.6,7872.5,7429.6,3629.6,3949.0,3525.0,7265.8,5624.1,5406.2,7205.8,6404.5,5999.9,5446.3,6847.1,6071.1,1508.0,2208.8,118118.9,68844.9,19779.4,9818.8,11915.0,11780.9,9375.4,2547.6,1335.8,1112.1,939.3,2002.6,1775.1,1549.2,3938.7,4076.8,4942.9,4656.4,4021.1,4420.3,3528.7,3527.1,2992.2,2752.7,1368.2,1348.2,1708.5,3258.7,3061.7,2938.0,938.2,1168.9,1148.2,572.3,395.1,0.0,320.9,6.0,0.0,8.3,159351.5,138400.2,60896.8,61961.3,5117.3,2494.9,2435.5,2300.6,1149.9,985.8,1037.6,2537.9,1661.3,1794.0,439.0,394.2,386.9,343.2,1427.6,958.0,1147.0,569.9,1570.6,8818.5,8581.8,2723.6,366.2,602.8,454.6,594.9,297.9,201.7,11186.2,18304.3,16824.6,7837.8
Республика Адыгея,0.0,0.0,0.0,273.3,396.1,321.0,10764.3,10040.2,8628.0,3893.3,4205.4,7255.1,8164.3,10590.2,4151.9,3877.4,2682.7,2468.2,5410.8,4716.0,4673.4,3308.6,1587.5,1307.5,5425.2,2463.1,3115.6,5761.8,5593.8,2687.7,2369.0,4965.9,2823.1,2526.2,2253.7,59994.7,56000.9,11080.3,4478.3,8173.7,5027.5,6370.2,1899.9,404.8,375.2,367.3,1428.1,1253.3,1375.0,4004.1,4331.5,4273.3,2258.8,2396.2,3724.4,3846.7,4220.0,3507.2,3837.7,1785.5,1483.2,616.7,1908.9,2144.3,1360.3,577.9,631.7,705.4,460.6,222.5,195.6,241.4,0.3,1.1,3.1,125568.7,136371.0,52959.3,54264.6,3665.2,1392.2,1716.9,1748.0,2094.6,2076.1,1739.5,2388.4,2346.3,2032.4,69.5,64.6,101.4,146.3,1128.4,1270.1,1210.5,923.5,2535.1,8974.4,12515.3,4569.7,231.0,492.6,512.0,444.9,301.0,245.5,10443.6,25439.5,27675.0,6982.7
Республика Крым,17.3,0.0,0.0,4976.0,242.2,323.3,7420.7,3800.8,4975.7,3401.2,4034.7,4104.2,4125.0,3542.3,1845.8,1580.1,1666.1,1590.0,3459.0,3466.9,3717.5,1541.8,1687.7,1405.5,5400.8,3125.2,4194.6,3868.0,3805.5,913.9,952.2,1238.3,1450.3,447.0,557.7,82506.4,54386.7,9611.6,1942.3,1677.5,1645.4,2463.6,985.6,409.5,303.4,406.0,855.4,704.3,1163.2,3619.9,4352.0,2960.3,4218.2,4254.6,3284.2,3299.2,3322.8,2126.2,1716.3,1424.2,1300.1,1407.2,3927.3,3716.3,4201.0,815.8,812.0,710.4,816.3,343.4,280.9,352.5,24.2,41.8,14.2,121183.0,98420.9,38522.6,35767.7,4564.6,8745.4,3142.0,2501.6,2499.5,1303.2,1137.9,2099.3,1881.2,1808.8,331.1,95.7,201.2,173.1,997.4,880.2,1082.7,1150.4,489.9,8731.0,22286.1,3714.8,390.8,310.2,481.3,784.6,367.9,296.1,8520.4,9451.0,9835.3,5716.2
Севастополь,0.0,48.5,23.4,998.6,679.5,353.7,12691.1,11181.6,11107.8,5436.3,4987.1,3678.4,3705.5,3059.7,1570.3,1728.8,1425.8,1066.0,4766.2,3322.9,4104.5,2382.5,1766.5,2335.6,1099.0,918.2,1162.0,2146.3,2094.4,2642.8,3579.0,2736.3,2132.2,606.0,912.1,112517.5,51791.0,8635.4,2885.9,2332.6,3159.0,2654.6,693.8,291.0,156.0,211.5,818.7,623.1,1290.0,1909.6,1512.2,1570.4,5674.2,5853.8,2669.1,2667.1,2046.9,1277.0,1795.7,311.5,320.3,625.2,628.0,1180.5,1481.9,389.6,247.0,569.9,520.4,123.4,54.7,202.6,20.8,9.8,10.2,108231.5,100447.8,32576.9,31820.7,8183.0,5057.8,3519.7,3486.1,2247.4,1636.0,1686.8,3107.3,2656.2,2557.3,1127.2,818.7,874.5,650.3,1508.3,1133.6,1311.1,552.6,2237.0,8467.7,7592.2,3852.7,328.6,262.3,405.1,201.9,671.2,366.8,15004.3,15565.8,17356.1,2239.1
Республика Дагестан,0.0,0.0,0.0,230.6,282.6,225.6,7954.9,7243.5,7042.2,6649.4,7545.5,9823.6,9315.4,9336.3,4417.3,4476.5,2616.7,2832.5,4129.0,3325.8,3203.0,2410.6,3401.3,3769.1,8248.8,7605.6,7597.1,6064.5,6130.2,3638.7,3478.2,3213.7,3222.6,2238.8,2751.7,48910.3,33054.7,17427.4,12545.4,13639.9,12265.0,11960.5,4544.2,887.6,900.0,835.2,1636.0,1685.1,1632.0,3018.6,3012.0,3137.4,4204.7,4885.8,5394.0,5436.4,5340.1,2097.0,2132.2,4104.0,4041.3,4316.8,5336.4,5119.5,4797.1,1338.1,1305.6,1168.4,907.1,79.6,96.0,69.4,15.3,14.4,11.6,124296.4,115955.9,64086.7,63051.9,5210.7,4856.7,4291.8,4439.7,2135.4,1980.6,1930.6,1171.1,2889.4,3024.8,284.0,71.1,98.8,98.8,714.2,695.0,704.7,431.0,2384.3,15809.3,19091.4,7456.7,333.6,456.6,461.8,587.7,393.4,294.9,9339.3,14015.9,14478.8,6557.2
Республика Ингушетия,0.0,0.0,0.0,449.8,265.2,107.9,17282.2,6851.2,6762.2,7957.5,7307.0,13559.8,8160.2,8073.6,2850.4,2552.4,8540.1,4182.2,10885.2,6607.1,6213.9,1755.7,2681.6,2717.4,9250.7,6581.9,6093.6,3153.4,1967.7,3243.9,3286.2,13742.3,4233.9,955.9,2989.3,60596.9,41774.9,4377.9,8925.7,26796.9,10871.8,8185.6,4949.9,311.2,403.7,176.8,4079.8,1708.4,1747.5,14043.8,9044.6,5792.3,3986.6,3029.5,4521.3,3626.7,3615.5,3597.3,1447.0,619.5,427.8,981.4,1193.0,1234.1,3179.6,679.8,1046.1,1085.0,103.0,0.0,0.0,4.2,5.9,6.1,1.3,184822.8,101888.7,65689.9,35108.2,7503.7,12158.8,7144.4,3478.5,4612.8,2974.7,813.1,2800.5,4475.4,2781.9,148.3,802.4,1196.3,767.9,258.0,403.5,394.0,603.3,2930.6,17510.1,29093.6,7009.3,62.4,12.6,8.3,8.5,87.2,90.4,7238.1,7166.2,4831.7,8762.5
Республика Кабардино-Балкария,4.1,0.0,8.2,207.8,77.8,291.7,3851.8,3258.2,2801.1,2011.3,2214.1,2635.5,3755.4,3710.8,1143.0,1322.7,639.5,742.5,1416.7,1246.5,1557.6,713.1,1026.1,1152.0,2083.5,1721.5,2223.3,2318.6,2568.0,1177.3,2440.3,1965.5,1490.7,899.6,902.7,48256.8,35910.2,9351.9,5469.5,8662.8,12506.4,13909.9,3407.3,113.7,119.6,68.8,328.6,446.3,289.9,2503.4,2330.1,2427.4,2256.0,2375.8,1719.8,2442.0,2430.3,1148.8,1304.4,1648.9,2947.0,721.6,4435.1,5636.3,1681.8,784.6,919.9,1062.0,306.5,229.7,207.2,535.1,3.7,2.1,1.7,74266.9,95129.8,31762.8,30214.1,3717.7,963.6,519.6,681.6,467.3,279.0,379.7,2176.0,981.8,1044.5,87.1,51.1,54.2,28.7,546.6,517.3,606.7,838.3,2332.2,8299.7,8969.1,1975.3,132.2,149.8,197.5,242.5,335.0,252.6,4416.5,13780.7,18948.9,7051.8
Республика Карачаево-Черкессия,0.0,0.0,0.0,312.7,99.6,148.7,6691.9,5615.4,3228.0,3780.9,3934.5,5411.9,6805.9,6784.3,5081.9,4981.4,2437.0,1467.4,3458.3,1873.2,1942.8,3948.8,2231.8,2239.3,5310.7,5769.4,5513.8,3533.2,3694.4,2830.0,2798.8,3331.9,2652.0,1478.7,2068.2,70588.7,37887.0,13962.6,4715.5,2680.7,2297.8,2528.7,1762.8,513.5,746.8,418.1,1612.2,811.7,888.1,3938.6,8019.6,4041.3,3763.5,3849.3,4937.7,3796.3,4027.4,1943.9,2384.0,1132.2,1248.6,932.3,2680.7,2453.9,2059.9,1085.8,973.5,1001.4,657.8,75.9,143.6,92.5,6.9,8.9,6.1,78447.2,78962.6,42233.1,46816.2,5576.9,2206.5,2091.7,1665.2,1696.4,1232.3,1572.0,2341.4,2113.7,2246.5,115.7,31.6,18.7,49.3,742.1,2203.6,1089.2,292.0,1335.1,6686.8,8737.4,2549.2,142.2,212.3,172.7,221.3,192.2,237.5,3735.0,6088.4,7493.5,4129.5
Республика Северная Осетия-Алания,0.0,10.1,0.0,57.6,66.1,16.6,8284.3,8159.4,9146.9,6791.9,6257.8,13332.5,10386.1,6851.8,4902.0,5040.7,3065.4,3108.5,10334.6,10782.9,3274.1,3036.2,2850.2,1642.6,3978.3,3761.7,2452.5,3425.3,3552.5,1574.7,1626.6,1539.5,2108.5,1790.5,1889.8,80270.0,39920.7,14911.1,3320.8,3358.5,2874.9,2561.8,2494.8,331.3,303.9,334.1,956.1,1283.6,894.4,4450.6,4778.1,3793.1,4927.6,5451.3,5679.8,3688.8,3565.5,4522.6,4908.8,527.6,461.7,550.0,2621.1,2903.2,3007.0,617.8,880.3,1193.3,2831.2,449.7,485.9,307.6,14.4,10.9,8.5,133807.3,142478.4,53008.5,59752.4,3150.0,1964.8,2441.6,2541.6,1881.6,1422.9,3619.7,1937.9,1795.7,3522.6,220.3,85.1,162.0,137.6,950.3,759.2,1280.7,747.1,3915.9,6686.2,10063.2,3651.7,164.9,153.9,178.1,239.0,266.8,202.8,5247.8,32855.3,63572.0,6288.6
Республика Чечня,3.1,0.0,0.0,841.8,261.4,150.0,4155.3,5532.4,5840.0,2919.2,3896.6,5011.5,7388.7,6258.0,5819.1,4503.8,1090.7,523.7,2467.1,1720.0,1509.6,2568.9,1570.3,1370.6,3590.9,3558.4,2867.8,6320.3,6008.0,1904.9,1240.8,1909.4,995.2,3526.2,3028.5,32521.1,27070.5,9791.9,3521.9,3483.2,4041.1,4508.6,4587.7,225.3,204.7,346.9,947.1,950.4,1035.4,7501.1,8376.4,8557.1,2719.2,2841.0,4964.6,7055.5,5280.1,2787.3,2226.6,696.7,586.8,619.4,2243.5,1819.3,1997.1,484.5,772.9,864.3,346.1,82.8,50.3,57.6,4.2,5.5,7.4,67143.4,65191.5,61664.7,54683.0,1782.8,2399.5,3177.6,1660.9,1360.0,1183.5,1030.0,3261.1,1486.0,1355.1,113.9,27.6,35.4,53.6,404.5,465.8,379.0,1306.4,846.7,8144.3,11995.9,6453.1,36.2,155.0,128.6,118.7,185.1,201.7,2271.7,7212.2,4003.6,5184.1
Ставропольский край,1.4,2.8,11.2,605.0,774.6,428.5,5954.9,5605.8,5403.2,4127.5,4266.8,4607.2,4357.0,4406.2,1609.8,1544.6,1562.2,1327.8,3605.8,2788.8,3078.2,1474.3,2835.2,1991.2,5144.3,4837.4,5106.1,4346.2,4109.8,3357.7,3419.3,3270.8,3295.9,732.7,1267.4,91237.4,61766.0,13697.9,4243.4,3605.8,3544.4,3589.9,925.7,426.0,314.8,292.4,1338.7,978.6,1021.0,2992.8,3262.7,3074.3,3085.9,2941.4,2477.7,2912.2,2298.4,1050.1,1185.1,526.0,312.9,711.4,1266.9,2397.3,1650.3,622.3,1048.9,849.0,1230.3,486.9,239.6,338.8,13.1,13.0,17.8,114924.6,114209.1,37875.0,40329.1,4350.7,3078.2,3015.4,2570.1,1301.7,1134.6,1342.3,2871.8,1745.3,1876.5,253.1,256.0,364.2,184.7,861.9,761.4,900.7,1053.0,983.2,7207.4,7988.1,2522.7,286.2,410.4,582.2,681.9,217.8,219.7,7666.0,14280.9,16859.2,6429.4
Республика Башкортостан,16.0,6.5,3.7,1217.2,1061.0,661.5,11130.8,10297.9,8731.3,5162.7,5916.4,7524.4,7412.5,7367.5,3185.2,2829.5,3058.6,3051.9,6895.4,5696.2,5861.8,2718.7,2657.4,2514.8,9742.7,7501.1,7585.0,6456.3,5503.4,3983.9,3696.3,6496.5,5142.4,1454.7,2339.9,101833.5,68495.3,16954.9,9869.0,13107.6,12025.2,9144.9,4124.3,493.0,410.9,401.0,1915.3,1541.5,1474.6,4832.7,5017.4,4148.6,4852.1,4723.4,5074.4,5182.9,4613.5,2846.2,2415.1,1379.2,1275.6,1278.6,3722.9,3733.9,3492.6,724.3,1359.7,963.5,405.7,134.3,109.9,181.6,2.7,4.3,9.7,158398.4,146681.9,64656.2,62496.4,4747.8,3210.9,2377.5,2467.3,2224.0,1984.6,2029.7,2666.5,2512.9,2558.6,415.4,477.4,374.9,305.9,1237.1,1255.6,1091.5,1499.5,4170.1,11051.7,12382.1,5323.6,409.4,1305.0,1167.1,1598.0,429.5,356.6,10757.2,19981.0,19583.5,10318.7
Республика Марий Эл,12.1,6.0,0.0,1257.0,1130.6,723.0,10572.6,12270.0,13735.5,6900.0,7399.2,7998.7,8783.4,8479.1,3281.5,3274.1,2733.0,3691.6,5793.5,7225.2,8233.8,4711.6,1912.4,1414.8,4682.8,4114.2,4772.8,6570.9,7191.5,7991.1,5112.1,6151.2,4239.5,1281.0,2500.2,116336.8,81777.9,17932.5,8217.9,8676.8,7241.2,9679.0,2014.6,291.9,375.3,319.0,1035.9,1077.9,917.2,3808.0,3550.8,4206.3,3277.3,4209.5,3775.1,4274.3,4495.5,2909.1,3225.7,1251.0,1350.5,1461.0,2691.2,2817.5,4196.9,1001.0,1258.8,1225.0,762.8,363.1,309.5,261.3,11.0,17.4,13.3,156984.2,154831.5,63855.1,68522.3,10399.2,3401.3,2700.1,2821.0,2011.3,1395.4,2034.0,3113.5,3041.9,3408.8,488.6,672.8,629.7,538.6,1496.8,1199.7,1353.1,1055.5,1546.2,12324.7,12163.7,4230.7,528.6,1563.5,933.2,1318.9,455.0,443.2,12011.7,18031.8,14894.4,11143.1
Республика Мордовия,23.4,0.0,0.0,586.6,539.7,502.3,8585.9,8827.8,8168.5,6086.9,6383.0,6214.3,5865.2,5543.8,2759.2,2802.7,3978.2,5284.2,5133.7,3916.6,3413.0,1833.2,5384.9,4381.4,7755.8,8049.7,7582.9,6297.9,4410.4,8382.6,5451.8,5008.9,4247.0,957.3,2262.1,114308.6,63435.2,10663.8,7495.3,5282.6,4946.2,4492.9,1483.3,1750.3,1916.8,1068.2,2041.0,2299.9,1706.5,3243.0,3916.3,4114.1,6411.4,6416.0,4029.2,5600.6,4594.1,2378.2,2253.5,2652.4,1801.3,2075.7,2655.7,1515.6,2304.3,841.0,1020.2,916.2,1680.7,470.6,269.4,212.1,20.4,9.8,5.8,129227.3,120839.8,45874.8,42313.9,7196.7,3304.0,3218.9,2853.8,1619.3,1361.4,1183.7,3938.0,2240.9,2075.9,438.4,417.8,519.6,414.6,1675.6,1601.9,1504.7,1144.4,1854.8,11740.5,7976.8,3104.7,1279.7,1708.1,1716.2,1757.7,673.6,661.1,7774.9,10983.0,12668.7,5484.6
Республика Татарстан,9.7,4.3,114.0,771.6,649.5,624.2,9947.9,9521.2,9092.2,5378.1,5180.0,6200.2,6905.0,6317.7,1891.6,1852.5,3865.9,3436.3,7649.3,7511.1,6259.7,3623.9,3515.1,3289.1,7370.5,7043.8,5863.6,4990.1,4147.8,2739.0,3000.5,4063.0,3512.6,1065.0,1603.3,113224.6,59527.0,16553.8,7369.0,9678.1,8635.2,7048.4,2502.2,1411.6,1397.0,1291.5,3202.7,3110.7,2645.4,3366.0,3701.5,3492.3,5370.4,4514.3,3199.1,3438.3,3373.4,2055.8,1720.5,1090.2,1356.0,1243.6,2225.1,3902.9,3840.9,895.0,928.3,1264.7,880.2,245.9,291.9,270.3,0.0,0.1,4.8,148702.3,133642.3,59840.9,55402.6,7347.3,3293.2,2779.6,2819.4,2076.3,1673.3,1884.8,3559.6,2696.1,2910.1,404.3,303.7,317.7,290.0,1221.4,1235.5,1168.6,1445.2,4939.0,16179.0,13738.5,4450.1,390.3,549.2,511.2,491.9,355.1,328.1,10790.6,21893.0,23225.0,10265.1
Республика Удмуртия,15.1,5.0,7.5,2422.2,2746.8,1883.7,18215.9,20074.1,16944.4,7378.3,7413.0,7161.9,5456.0,6110.9,2336.7,2419.0,2912.7,2094.6,5968.6,3981.1,4711.2,1924.0,2895.1,2889.5,5870.1,5848.6,6528.4,6146.5,5639.8,5759.4,5818.5,3989.5,4542.0,515.0,1639.0,155303.9,85479.8,19050.4,8898.2,6776.8,4677.5,5862.6,1755.0,652.3,665.9,644.1,1766.4,1572.5,2153.4,2691.8,3972.4,4129.8,6919.9,7082.5,2836.5,2767.9,3285.1,2267.9,2202.4,814.7,785.4,886.4,1811.2,1510.4,2076.5,695.2,835.7,905.8,927.4,465.7,496.8,835.0,21.8,50.6,21.4,152094.4,156540.5,59391.7,63677.2,10313.5,4567.1,4495.7,4810.0,2650.5,2707.8,2549.6,3838.6,4195.6,4169.8,502.3,528.4,567.8,628.4,1314.0,1265.1,1274.7,1300.0,1216.6,14952.9,11807.4,4243.9,549.8,902.7,716.3,956.0,512.3,420.8,14665.2,17699.9,16682.4,11111.5
Республика Чувашия,10.0,10.0,3.3,1926.5,1235.2,1650.4,15600.5,11983.0,11451.4,8877.4,8415.1,7546.4,6179.6,6364.8,3413.2,2865.7,4223.9,4432.8,7437.9,7462.6,6068.6,3614.1,4623.5,4573.4,8586.7,8350.6,7295.8,11035.1,9326.6,8523.7,8467.2,5145.9,4477.4,885.2,2466.3,128384.3,61060.8,16686.4,10869.6,10211.1,8818.4,9104.2,3183.1,792.6,1067.4,838.3,2564.6,2411.9,1867.7,3514.5,3756.7,3564.2,7125.7,7264.3,6119.4,3921.8,3433.5,3974.5,3108.4,2316.4,2542.8,2732.1,3098.7,4255.1,4906.2,1612.7,2198.3,1586.7,2680.4,1157.1,1000.1,1168.0,41.1,24.3,24.1,155778.7,134442.1,75798.0,65373.9,9130.6,4266.9,5994.7,3865.1,2259.2,2061.1,1855.9,3336.6,3409.5,3144.7,547.2,720.4,672.3,691.2,1654.9,1438.6,1471.5,997.4,1192.0,12065.9,13668.6,5077.2,494.1,921.6,843.6,1018.1,736.8,478.4,12462.7,14408.5,13750.9,9858.3
Пермский край,48.2,10.2,46.4,2559.9,1848.4,1735.7,12242.6,9784.1,6943.1,7572.7,7223.4,6283.1,6133.8,5414.6,2722.9,2670.2,4561.3,4216.8,7618.3,6683.9,6544.5,3491.8,3901.4,2901.3,7665.4,6606.0,5659.4,6209.1,6137.4,4419.0,4139.3,4712.6,4310.6,783.3,1588.2,147859.6,78467.7,17895.1,11025.8,7542.6,8177.1,6718.4,2593.9,879.3,807.1,834.2,1688.0,1408.9,1728.9,3032.9,3354.0,3655.5,8130.9,6917.0,3808.5,3543.0,2905.1,2512.4,2153.9,2935.9,2234.4,2514.1,2614.4,2074.4,1891.2,813.6,1091.2,1192.3,2727.9,529.1,349.0,467.6,15.0,11.2,16.5,168911.3,145719.7,63600.3,61994.4,10650.1,3710.5,3083.8,3246.5,1994.9,1883.3,1921.7,2907.8,3536.9,3514.6,442.9,612.8,463.1,470.2,1508.8,1635.4,1667.1,1318.2,3956.1,13179.3,8704.0,3603.3,736.4,1595.7,1517.6,1430.6,605.8,607.2,12462.0,18880.6,18347.7,11819.9
Кировская область,34.4,20.5,10.2,806.7,1156.1,441.0,10966.8,11744.3,10514.7,4593.9,5888.4,7024.2,10530.7,8003.6,2622.8,2853.4,1919.4,2165.1,5875.3,7277.0,6941.6,2200.8,1758.3,1824.3,5670.0,5030.6,4882.8,3803.7,3439.1,3276.9,3693.4,1577.5,1735.4,540.6,1098.4,139125.6,75663.0,12561.1,4424.2,4030.0,4059.0,3461.9,1287.6,232.6,275.3,263.0,1166.7,1366.9,1222.2,3160.0,3579.9,3590.9,4496.6,4705.5,3532.9,3541.9,3432.2,2022.2,2030.9,1742.6,2116.6,2371.9,3187.7,3922.3,4271.7,873.9,1605.5,1591.2,455.2,172.6,202.1,41.5,1.2,0.6,0.3,140692.9,130092.0,49733.4,49045.8,7937.8,3702.6,2772.3,2827.1,2040.4,1808.3,1570.7,3437.6,2832.8,2661.8,242.9,208.3,219.9,216.6,1158.9,1172.2,1169.6,1324.7,2641.8,9366.9,9512.5,3861.5,635.4,882.5,863.2,1223.3,464.2,394.7,10579.0,9896.4,8395.1,9389.2
Нижегородская область,23.0,10.0,4.2,742.8,737.2,512.9,6162.9,5934.0,4819.0,6621.5,6488.0,6629.7,6666.7,6582.3,2933.4,2551.1,4388.5,4150.2,6908.5,6336.6,6338.4,3735.9,3265.9,3069.7,6886.3,5356.4,4686.4,4819.5,4720.1,7062.8,5710.3,8287.7,6978.1,790.6,2022.1,165629.0,107087.2,22304.9,7308.3,4972.9,5043.6,5449.9,1656.0,864.9,676.0,692.2,1773.5,1431.7,1420.4,3667.7,5228.3,5537.0,7493.6,7339.0,3811.0,3880.5,4081.0,2586.5,2433.7,948.3,902.6,1046.7,1974.9,1604.7,2226.8,1034.7,1237.9,1376.0,3035.5,445.8,640.4,540.5,6.7,8.4,5.8,180447.5,171833.9,62751.7,63379.0,8600.9,3637.8,3491.6,3052.8,1944.9,1835.3,1882.2,2976.9,2903.7,2948.3,587.0,666.9,532.5,518.4,1466.0,1521.1,1296.9,1167.7,737.3,13254.3,11864.1,4296.2,468.8,1263.6,1384.8,1466.4,300.0,292.2,8429.4,13274.1,13516.3,9146.3
Оренбургская область,27.5,2.0,23.5,1254.2,1191.3,1019.1,9659.6,7354.8,6285.9,5581.4,5781.8,8901.3,7708.9,8453.7,2747.3,2677.6,2089.8,2045.7,5663.1,6232.0,5749.9,1943.4,2015.3,1968.3,5604.2,4867.2,4470.2,5521.8,5847.8,2908.7,3667.8,3143.1,3993.8,991.0,1516.1,102554.2,80787.8,13387.0,6458.7,7101.3,10376.3,9905.4,1777.0,1273.7,1805.1,1397.6,3169.0,3095.3,3065.0,4601.4,4316.8,4757.6,4249.6,3915.3,3319.6,3644.0,3410.7,2197.1,2240.7,2284.8,1720.7,2299.2,4107.1,3887.2,3823.5,1733.9,1992.4,2012.8,1473.8,536.5,372.7,569.3,52.3,29.2,29.7,168263.0,160891.0,56550.6,54907.7,6380.5,6705.0,5355.5,5120.4,2408.1,2482.1,2365.0,3753.2,3284.0,3083.6,294.9,382.5,402.0,412.8,1609.5,1594.5,1513.6,2094.0,892.4,12414.8,11630.7,3933.3,604.0,1309.5,1167.9,1386.3,920.0,695.7,10059.1,20784.7,20264.9,8710.4
Пензенская область,17.9,14.3,3.5,806.7,826.1,471.8,4846.5,3466.2,4083.0,4826.7,4288.2,7020.4,5491.7,5014.8,2501.3,2062.8,4274.0,3066.3,5931.2,6487.2,5181.0,2968.3,2662.2,2750.3,6475.8,7655.0,4599.4,3590.2,3900.8,2286.2,1990.4,3577.2,2899.1,1028.8,1315.5,106827.3,87528.2,15152.7,8272.6,12889.1,16085.7,16762.6,3400.2,1214.3,653.3,660.3,1675.5,1203.5,1439.2,4213.3,6424.2,6038.7,5089.8,4039.9,4103.9,3970.2,3249.3,1765.7,1667.6,1183.2,1002.3,1004.3,1556.5,1527.4,1451.0,1058.4,1667.2,1708.9,486.4,169.6,276.4,169.1,11.6,8.7,3.6,155996.7,153994.1,52727.6,54274.9,7600.0,4481.9,4502.1,4178.0,2152.8,1679.2,1433.5,2594.6,2612.7,2299.2,413.5,229.2,234.8,305.6,1338.8,1351.3,1304.6,1203.3,3096.5,7775.0,9350.6,4012.7,455.2,1144.1,703.3,1175.5,1031.5,915.6,9077.6,14704.5,14406.5,7842.3
Самарская область,17.4,7.1,5.6,1330.4,1018.3,742.5,8649.6,9115.2,9512.1,7155.1,6617.7,5161.7,4756.7,5126.3,3056.0,2864.7,4802.1,4765.4,6598.5,6584.4,6283.8,3542.2,4707.3,4359.6,8378.8,7365.1,6360.8,8501.0,7773.2,6916.2,6099.3,5109.5,4528.0,832.2,2093.2,168668.4,81681.2,20640.0,12566.8,8214.7,7299.2,6639.8,3048.9,939.2,771.6,656.3,1419.0,1257.3,1047.7,4036.2,3835.0,3234.1,7457.2,6690.0,3648.6,3476.6,3653.2,2883.0,2453.6,1462.9,1324.8,1483.1,2258.9,2185.1,2315.1,1838.9,1946.8,1786.0,2163.4,314.3,239.5,219.6,7.1,7.8,7.4,155924.6,146300.8,70820.6,66727.1,10121.7,3979.4,3992.4,3573.6,2489.3,2688.9,2429.5,3792.7,3873.0,3514.2,675.1,965.9,899.9,662.7,2373.0,2384.5,1687.9,1435.7,3133.9,14577.6,11074.2,5368.3,445.3,745.3,780.1,1070.3,552.8,435.1,11581.8,13622.0,13407.1,7719.4
Саратовская область,7.1,3.6,1.8,1371.1,1077.9,752.7,10021.0,9767.5,8131.5,5475.3,5537.4,7615.6,9548.7,7532.8,2703.4,2377.8,3601.3,3454.9,5218.1,7107.4,7132.6,2047.2,5138.3,4161.3,10672.1,9843.2,8681.0,6122.9,6121.0,4941.7,4732.7,4119.2,4770.5,1077.3,1767.3,111074.4,62778.1,12661.4,6332.4,6545.3,6437.4,7276.0,1391.5,990.5,802.8,819.1,2225.1,2052.2,2191.9,4378.5,5633.9,5904.8,4320.8,4117.1,3478.2,3254.0,3720.8,2540.3,2444.0,2423.3,2151.4,2190.0,4571.2,4359.7,4025.4,779.9,1370.0,1419.4,2862.8,1097.4,1041.1,1321.4,12.5,11.1,11.9,141063.3,136830.7,51505.0,52012.7,7336.8,3201.6,2642.6,2654.8,1582.4,1388.6,1427.7,3751.8,2333.4,2230.3,430.3,379.4,356.0,388.2,1354.8,1327.3,1239.9,1143.9,2077.1,13237.6,11269.1,5553.5,599.6,871.3,730.1,837.4,463.1,431.6,10169.4,15143.5,16246.6,6690.4
Ульяновская область,0.0,0.0,0.0,1002.4,531.0,449.6,7945.5,9287.3,9954.2,5880.2,5486.1,5740.3,5794.5,5443.7,3123.6,2657.2,4337.1,4266.8,7411.0,7046.2,4941.4,3675.8,4365.6,4333.5,10397.7,9933.9,8451.5,6789.8,6572.0,6612.4,6247.8,4698.9,3115.2,1012.9,1837.2,130464.6,70484.3,17688.7,5440.7,4200.6,4393.5,4037.8,1915.9,588.2,661.4,579.3,1530.1,1226.3,1260.6,3827.7,4415.0,4189.1,5689.8,5407.8,3082.6,3294.4,3108.9,2453.7,2629.7,1049.2,1365.5,1871.7,3820.5,2906.8,2862.5,1290.8,1342.0,1244.9,1923.2,255.6,266.9,195.9,25.7,38.2,36.1,146158.8,133202.7,62240.5,61621.9,10847.7,4619.1,4199.8,3617.6,2465.4,2217.0,1946.2,5509.5,3549.6,3253.0,518.5,744.3,400.3,467.6,1632.2,1860.3,1847.0,1278.3,3807.9,9478.6,10145.4,4364.0,293.8,660.8,458.1,840.1,446.4,384.5,12995.3,16467.0,14062.7,9723.2
Курганская область,18.4,13.8,4.6,1182.2,1303.0,1304.8,8397.2,6881.4,7006.7,6780.4,11215.5,11584.9,12845.2,9037.5,3933.3,3630.9,2019.2,2246.3,8524.6,5902.0,8352.6,3097.7,1507.3,1804.2,5301.2,4321.5,6561.3,5230.6,5231.8,2719.8,3726.9,8512.1,7112.5,1402.1,1896.6,135600.0,78828.8,15286.4,5547.7,8788.0,9297.4,7181.4,3026.5,658.6,998.1,718.0,2562.8,2580.6,3007.1,3833.4,4856.9,6521.2,3894.2,3978.9,3440.8,3650.7,2496.5,2222.4,2486.7,2056.5,1614.7,2713.6,5096.4,7807.5,7655.5,1237.4,1897.8,2217.0,577.4,87.8,201.7,243.2,6.6,10.2,11.3,184698.4,181536.0,63630.5,67837.7,12092.1,6091.4,8573.1,6002.0,4159.8,3769.5,3097.9,2904.1,5380.6,4715.0,430.2,656.4,572.1,356.6,1504.7,1408.1,1436.6,846.4,1338.4,17314.1,15937.2,4742.8,797.6,3070.3,2686.9,2328.7,855.2,791.9,11183.8,24808.7,23586.6,9965.4
Свердловская область,15.7,5.8,11.4,1472.7,983.3,894.0,8742.5,7638.9,7088.4,6500.5,6284.8,7544.6,6281.8,6520.7,2366.2,2249.1,3483.2,3351.8,5467.6,5669.2,4055.4,2790.1,2897.8,2421.7,6195.0,6396.0,5443.2,4430.8,4668.1,4532.5,4544.8,3995.8,3202.3,990.1,1561.1,110678.3,53667.0,15019.7,5987.5,5261.7,5677.2,5665.8,2506.0,399.2,395.1,387.0,857.8,987.6,922.3,3213.0,3269.9,3307.2,5271.9,4753.7,2969.8,2531.5,2825.4,2178.6,2236.7,1323.4,1085.1,1325.5,2042.8,2165.4,2213.5,1105.4,1070.7,1267.0,472.2,107.0,171.4,144.5,14.3,6.2,6.9,117773.2,110355.3,52261.6,53431.9,8970.7,2696.5,3294.0,2694.1,2059.5,1823.8,1652.1,4047.8,3111.1,2948.7,277.4,265.2,296.5,247.4,1265.1,1182.5,1195.4,1266.5,3392.8,9493.7,7585.2,3908.9,558.2,1104.6,1169.7,1118.5,411.6,362.0,8073.5,15639.6,15121.8,9034.5
Ханты-Мансийский автономный округ - Югра,18.7,10.3,18.2,1600.9,1456.4,1107.1,9221.0,9783.0,8116.1,5720.0,6349.0,4286.3,4298.7,4641.4,2509.4,2203.4,3470.8,2807.1,7174.0,5894.8,5945.0,3068.4,3605.7,3391.2,6652.5,6241.4,6320.7,7446.4,6939.6,3942.8,3906.9,3135.0,3814.9,882.7,1535.9,123435.6,61762.3,14872.9,8224.6,7396.2,6119.5,7040.1,2309.6,659.8,655.6,723.3,1560.7,1514.2,2034.3,2354.7,2582.9,2546.4,4121.6,4123.3,2329.5,2157.9,2073.7,1847.9,1690.4,1356.8,1645.5,2325.9,2617.3,2967.4,3399.8,1363.1,1465.3,1500.9,726.7,258.8,283.8,193.5,15.0,13.9,33.7,131659.3,128836.5,56233.2,57551.4,9047.6,3932.8,3460.7,4188.7,2293.1,2064.4,2142.7,4092.8,3611.3,3914.5,372.1,446.2,419.0,445.2,1522.8,1345.7,1484.6,1166.1,2301.5,9457.8,7697.5,4362.1,281.8,640.0,614.2,643.2,415.7,425.9,12003.7,17892.6,18387.2,9527.6
Ямало-Ненецкий автономный округ,11.6,28.6,11.3,2031.0,1476.3,1555.1,13961.7,13318.8,13843.7,9055.6,10307.3,7703.5,8761.5,9701.9,2782.0,2950.6,3549.7,3739.3,8008.8,7914.4,8547.5,4648.0,3296.6,2877.2,8409.3,6215.2,5490.9,9840.7,8900.7,3717.4,3707.4,5315.8,5149.6,1827.7,2460.4,155271.7,89821.3,21159.0,19969.9,21533.7,8079.8,9435.9,6840.5,769.7,672.6,847.2,2207.4,1047.6,2022.7,2773.5,2830.7,3136.0,4727.6,4688.5,2913.2,7468.3,6981.5,2008.4,1853.3,1409.9,1465.9,1956.8,2422.7,2365.8,2599.9,1801.9,2153.6,1894.5,1263.4,610.7,325.8,426.6,25.1,24.4,14.2,177690.5,171300.9,72792.9,72207.1,6423.7,3849.2,3989.8,3724.2,2459.0,2204.9,2215.2,3527.6,3207.9,3731.1,695.2,585.6,571.4,642.4,2129.6,1652.4,1946.0,1385.4,3234.2,12128.6,10271.3,3923.9,663.0,1152.8,1530.8,1046.2,571.5,630.0,9834.3,15677.2,17084.9,8992.2
Челябинская область,19.0,16.5,7.0,2192.4,1183.8,1173.0,9728.7,6633.3,6993.4,6004.4,5554.5,7022.9,7165.0,6518.6,2443.2,2205.4,3845.1,3706.1,8200.9,8313.9,7221.3,2371.4,3109.0,2968.2,7369.1,6124.5,5868.6,3747.3,3818.7,4662.0,4234.2,4058.8,4361.2,688.0,1481.1,128063.1,69892.3,19484.5,7742.2,7584.5,6999.0,8183.9,2428.2,769.9,711.5,811.7,1854.7,1992.1,2084.2,3270.8,3084.3,3363.3,4795.5,4766.0,2923.0,2950.1,3431.6,2294.6,2207.0,2881.7,2969.7,3147.9,3364.2,3383.2,3195.4,794.7,908.7,873.7,2504.1,824.4,794.1,938.9,21.3,22.9,12.4,165255.0,158020.9,59530.3,59570.9,9655.5,5238.9,4990.2,4362.3,2641.2,2367.4,2300.6,3857.2,3723.8,3647.5,644.5,523.6,565.6,474.6,1322.4,1348.2,1292.2,834.3,2309.7,11549.5,12694.7,4806.0,995.3,2217.5,1520.8,3094.0,663.3,567.4,11762.7,26394.2,24375.3,10729.2
Республика Алтай,39.9,0.0,0.0,3081.0,1740.3,1832.5,19714.1,20847.9,17944.5,4589.2,4480.9,8631.6,10309.4,9994.9,4865.0,6032.5,1951.1,1380.3,5671.1,4082.2,4342.2,2349.5,2763.8,2364.2,5842.1,5564.2,4098.2,9271.3,7587.7,3661.5,3425.2,3236.8,2890.5,1356.3,1998.6,88576.5,62551.4,13199.8,9647.7,6723.7,4706.2,4920.3,2249.7,228.4,494.6,432.6,1144.7,3276.1,2068.3,5052.0,5175.6,4803.1,6294.3,4944.7,8802.6,5694.2,4830.4,1973.6,2094.5,842.8,706.8,569.9,3394.7,2600.1,2338.1,1156.2,1288.4,1712.0,957.9,618.4,2431.1,963.5,23.4,18.0,14.7,137223.7,129869.0,62594.0,61514.7,7844.9,4394.7,5382.2,6796.0,2114.0,1664.4,2292.1,5090.9,3441.2,3631.2,456.9,723.7,364.0,488.2,1025.9,1357.2,1421.7,472.0,1308.3,13576.4,14276.3,4750.0,217.8,442.0,154.2,815.8,387.6,267.0,6047.2,12052.6,10675.7,5593.7
Республика Тыва,15.6,0.0,0.0,1522.1,893.1,447.3,9380.0,10150.0,7999.7,2034.6,2178.9,4341.0,3560.7,4500.9,2181.7,2048.1,544.5,621.1,2155.5,2251.6,755.1,1169.1,2003.7,1099.5,3525.2,3321.4,1772.0,4790.1,3667.8,921.7,1441.1,1302.3,1218.7,563.8,636.8,69730.1,58923.4,9589.1,5227.8,4513.1,4997.0,2900.9,1385.3,121.4,57.1,66.2,464.0,433.9,194.4,2082.5,3651.5,3057.4,3011.1,2334.7,2993.8,2715.4,3723.4,1449.8,1118.0,1667.3,1200.0,1307.5,6309.4,5303.7,4411.2,735.7,777.5,528.7,714.7,194.6,149.6,112.1,32.5,34.0,17.5,108427.5,108179.4,47731.7,42820.8,5437.7,5695.7,6186.4,8942.1,3870.4,3328.6,3499.9,3098.7,4130.8,4865.7,130.5,52.4,67.3,157.0,664.7,379.5,630.9,2010.6,5311.9,7006.6,8322.7,5543.3,152.3,389.0,463.6,344.3,299.1,512.2,6931.0,13030.5,12463.6,10468.5
Республика Хакасия,6.9,48.2,0.0,1260.3,814.2,967.2,12541.1,5335.6,5026.3,5964.9,6175.6,7858.6,8862.8,8654.2,3063.3,3021.4,2687.0,2705.9,10937.9,7971.4,6261.7,3081.1,2557.2,1796.5,5356.7,5575.6,5607.5,5406.1,6024.8,3794.4,3322.3,5080.8,4367.6,1909.5,2311.0,95754.0,60105.9,14269.1,10081.0,14004.4,12055.1,12311.5,3217.1,960.6,409.1,361.2,2418.5,1966.0,616.8,4708.9,4284.8,4595.2,4518.8,3974.3,3823.5,3103.9,4018.7,2826.2,2816.7,1446.1,1246.0,1591.9,3060.0,1915.4,2342.7,1558.0,1819.9,1390.8,2886.5,987.9,221.3,149.5,7.2,5.1,4.4,170721.1,141607.5,65477.5,58321.2,11302.3,5234.8,3173.4,2560.7,2707.3,2028.9,1844.2,3077.3,3922.3,3503.8,144.3,500.4,429.9,704.0,1274.9,1575.1,1377.9,960.1,1680.1,19085.7,16923.3,5340.6,505.2,701.7,629.3,692.8,324.0,303.4,14130.0,21452.4,19931.5,10803.4
Алтайский край,3.4,8.3,3.3,1721.6,1708.8,1354.7,16014.9,15286.9,15196.4,5599.6,5486.4,7225.5,7293.4,6252.9,5490.7,5201.6,3196.3,3215.4,9687.0,9682.6,9269.7,5384.3,3171.2,3389.0,12005.2,13239.5,12452.9,14875.3,14299.0,4441.2,4648.8,5266.7,4963.3,1864.6,2259.9,112003.3,94151.2,18746.3,7163.9,12240.2,13508.1,11496.3,7880.7,689.7,676.5,503.7,2117.6,2043.9,1810.3,5702.8,5515.9,6592.4,4738.2,4535.5,5198.2,4641.8,3862.9,3405.3,3195.6,1350.9,1263.2,1291.7,3421.4,4072.5,3623.7,2909.6,3260.7,4470.4,841.6,469.9,547.8,476.8,21.7,24.2,24.5,182384.2,181389.5,91978.3,93448.1,6247.6,4347.1,4368.7,4474.4,2320.8,2292.6,2405.9,3482.1,3042.3,3116.0,436.1,678.4,1026.6,976.3,2405.0,2471.2,2552.7,1615.2,1127.7,11006.0,13368.2,6250.2,1980.7,2166.7,1937.5,2148.7,1316.2,1173.8,8185.2,18418.6,14060.4,10252.9
Красноярский край,13.9,15.2,5.5,2071.6,1402.1,982.9,8822.2,7901.0,7017.3,6532.5,6998.0,6116.7,6199.2,6789.0,3544.1,3344.3,4406.7,4298.4,6542.0,6308.9,5998.4,4101.6,3319.8,3199.6,6587.8,5990.7,5583.5,5883.2,6020.8,4742.9,4226.7,3420.4,3074.1,1053.9,1910.6,102504.5,54295.0,11625.5,6987.3,6362.2,5533.0,5973.9,3073.5,1633.7,1799.5,2105.3,3043.5,2862.1,3000.4,3662.5,3760.8,4042.1,5444.0,5307.0,3354.7,3386.4,3424.0,2424.2,2121.2,1669.2,1917.7,1941.0,2836.5,2805.3,2602.7,993.6,1156.1,1211.3,826.9,321.1,425.6,309.4,27.3,20.0,18.6,126280.6,122699.7,58226.7,56468.5,7082.1,4171.6,3413.5,3227.5,2441.7,2158.4,2129.8,3423.1,3078.9,3018.2,725.0,583.9,595.9,677.7,1864.8,1922.6,1824.8,1253.2,1241.1,11869.7,9413.1,3823.1,1094.8,1297.8,989.5,1392.2,453.0,441.3,10608.8,18237.4,17706.7,10587.9
Иркутская область,6.1,3.0,6.0,1032.3,1060.7,909.9,5932.9,4962.0,5905.2,5721.7,6412.4,6919.4,6444.6,7611.4,3668.3,3810.4,3886.3,3900.2,8231.7,8942.2,8509.7,7574.5,3829.1,3790.7,8013.9,6699.3,7007.2,5632.9,6244.1,3460.4,3479.4,4944.1,5052.9,1573.7,2132.0,132152.9,76334.4,15635.8,9815.1,11519.3,9593.8,9521.6,4121.0,487.7,474.0,506.7,1957.8,1691.9,1874.1,4256.3,4037.8,4186.0,4723.8,4648.9,3040.2,2893.1,2979.6,2314.0,1996.8,2681.9,2251.1,2255.8,5473.9,4783.5,5268.1,1536.9,1618.3,1823.5,954.8,419.5,380.7,462.5,24.8,15.7,25.4,149622.8,147509.0,67476.7,68403.0,6953.7,3997.5,2622.3,2821.9,3413.2,3033.5,3012.0,3235.8,3798.9,3895.4,514.8,2119.1,2958.8,506.6,1809.9,1833.3,1555.0,1346.9,1826.1,7949.0,10891.3,4219.7,515.9,1206.6,1169.6,993.7,479.5,477.8,10057.8,11085.0,10673.8,10744.1
Кемеровская область,2.9,2.8,7.0,2538.6,1809.9,1238.3,9141.2,7030.8,6857.2,6203.7,6385.1,5505.0,5045.0,5490.8,3455.3,3743.5,3369.8,3759.1,9443.4,8842.5,10301.1,5395.9,2801.5,2860.8,5405.0,5205.3,5306.8,6475.9,6720.6,6199.8,6129.9,4174.4,4276.3,1760.1,3090.7,102273.2,57902.4,12321.4,6383.3,5871.6,6329.2,6544.6,2788.7,792.5,865.7,967.7,2677.2,2728.9,3240.6,5572.3,5249.6,5648.3,5362.8,5270.5,3465.1,3459.7,3481.7,2709.5,2493.6,1637.9,1814.6,1857.7,3042.5,3302.0,3278.2,1158.6,1283.3,1566.1,1896.2,841.3,554.7,1022.7,27.6,27.9,23.9,138392.1,135825.1,65498.7,63790.1,7522.1,3391.8,3074.6,2750.6,2316.2,2164.7,2185.8,4265.3,3161.9,3202.8,511.1,325.3,444.3,601.4,1484.8,1455.0,1672.7,1220.4,2356.5,10454.0,9698.0,4119.7,712.4,1886.3,1659.2,1891.9,495.0,471.6,14055.1,23479.8,22336.6,12605.1
Новосибирская область,8.1,9.6,3.1,1698.8,1318.8,1226.1,10003.5,10469.8,10144.2,5029.1,4984.2,4440.8,3967.6,4387.0,1994.3,1986.2,2061.0,2459.8,3819.8,4487.8,4206.0,1961.5,2963.0,2362.8,5618.5,5031.8,4158.9,3494.6,3440.4,1743.7,1809.7,2406.2,2621.0,690.6,1035.5,126686.1,80707.9,16429.8,5056.6,3960.1,3665.3,5406.9,1950.7,313.3,324.5,312.2,1188.2,1296.8,1205.3,3197.2,3684.6,2929.5,5016.7,4889.3,2934.6,2811.6,3206.8,1839.7,1711.4,717.4,675.5,794.6,1607.6,2184.6,2069.2,1318.6,1410.8,1281.5,667.6,183.6,234.2,281.1,8.8,0.0,18.5,137257.6,137582.0,50620.8,50416.8,7319.5,5781.2,3803.1,3889.6,2143.7,1645.0,1544.7,3123.3,2645.8,2595.7,392.8,443.3,452.0,498.9,1565.0,1410.6,1518.1,1092.4,3768.9,6867.2,7012.7,3071.3,1064.6,1288.0,1252.4,1328.5,207.6,197.0,11191.3,21487.3,17568.8,9834.9
Омская область,13.0,0.0,10.5,1363.9,1017.7,992.5,9134.0,9122.2,7500.7,5654.9,5602.8,7605.3,7578.4,5212.7,3079.1,2810.6,4515.9,3747.9,5700.2,4974.5,4973.8,3035.2,3288.1,2914.1,6109.5,4271.0,4377.5,4716.0,4080.5,3992.0,3983.9,3928.9,3012.2,984.5,1707.6,95780.1,56523.6,15120.0,27497.7,44639.3,33827.1,21260.4,15892.3,773.4,580.6,550.0,2498.1,1449.4,1586.7,5206.4,4869.4,4758.4,5155.1,4961.6,4367.0,3756.4,3625.9,2814.7,2915.3,848.5,1057.7,785.5,1995.1,1588.1,1458.5,800.9,1812.9,2644.8,1492.7,353.9,204.3,384.5,30.1,26.1,21.2,182893.7,135909.9,74088.6,66428.9,6968.8,4131.7,3567.5,3488.1,3336.5,2997.4,2813.4,3577.5,3712.5,3486.4,424.6,478.2,356.6,394.3,1401.4,1110.3,998.9,1042.5,2741.1,14399.7,14742.0,4915.9,566.7,907.8,734.1,1029.1,339.4,347.4,10557.3,19242.9,16941.2,7763.4
Томская область,7.8,34.8,0.0,1135.9,1027.0,821.8,5632.0,5924.9,6259.5,6679.1,7271.5,5290.1,6863.1,6241.8,2405.0,2166.0,4147.2,4808.4,7777.6,9620.4,8022.4,2727.5,3375.2,3279.1,5127.4,4895.1,4471.1,5342.2,5089.7,4965.2,4937.9,4852.9,4994.8,662.0,1726.6,100931.6,55214.1,11387.2,7896.3,4815.6,5887.4,7469.2,2136.7,548.0,664.3,616.5,1352.2,1784.9,1783.8,2299.4,2904.2,2614.1,6526.5,5505.5,2558.6,2381.0,2739.6,1562.4,1380.8,2031.4,2655.0,2600.7,2734.9,3809.5,3836.1,1538.4,1826.1,1888.8,1154.5,437.2,512.8,402.6,24.4,18.4,14.8,115460.2,116725.6,45161.3,44618.0,9863.0,3988.7,4332.3,4693.6,1769.2,1725.9,1757.5,3255.6,3212.0,3339.1,595.4,552.4,446.2,451.7,1224.5,1340.5,1348.0,1104.5,857.6,9646.9,9383.9,3438.2,1309.2,2187.8,1515.4,2084.2,645.5,521.0,6001.5,9509.3,6808.1,5685.1
Республика Бурятия,10.4,6.8,3.3,1164.3,997.5,995.2,7354.9,6402.0,6366.5,3891.3,3591.9,4427.1,5579.2,4417.1,3059.4,2549.9,1703.6,2093.7,2536.2,2292.1,2233.5,2373.1,1968.4,1183.5,3645.3,2226.0,2236.6,4119.0,3199.0,2563.7,1687.4,3871.0,3141.3,981.8,1571.0,73501.5,48997.1,14785.5,6554.3,6222.8,4729.1,4638.6,2700.6,398.6,173.4,221.0,1052.0,727.3,1070.0,2901.6,3010.7,3670.1,2968.7,3006.3,2593.4,2037.1,2377.0,1545.3,1306.8,1240.7,1187.1,1016.0,3368.8,4389.0,2642.2,1331.5,1536.8,1525.7,509.8,47.7,56.7,124.8,4.7,2.6,4.0,101668.5,88183.5,49803.2,47026.1,4856.0,1795.6,1511.3,1949.7,824.5,1018.9,718.8,4585.7,1897.0,1614.5,259.6,117.6,154.3,293.2,962.6,868.1,886.7,1106.8,1894.8,6603.1,6874.3,2531.0,371.9,3378.4,330.7,375.0,271.4,214.8,2916.3,10096.9,8634.6,8703.7
Республика Саха - Якутия,27.9,0.0,30.9,2377.9,1683.2,1347.2,7427.8,9132.6,7834.8,8807.0,6963.7,10330.7,6730.5,6074.5,2822.4,2874.3,2642.0,2503.4,6066.9,4571.6,3604.7,3237.3,3904.2,2890.8,5554.8,4045.3,3550.7,6539.1,5362.3,8060.8,6239.1,7519.6,5609.7,1550.9,3657.2,151808.3,82154.7,17075.6,19432.1,19507.9,13898.3,13311.0,5730.9,587.0,482.2,618.9,2083.4,1619.2,1651.0,4248.6,3314.3,2742.4,4856.7,4012.6,2776.1,2787.7,2402.2,1974.7,1545.2,1532.7,1143.7,682.8,2768.0,2474.7,1213.3,1514.2,1226.8,983.2,1128.4,248.0,151.1,156.7,36.8,27.6,17.6,161175.6,152425.2,67202.6,61053.9,5738.9,3536.1,2374.8,2926.5,1781.7,1705.3,1593.3,3469.0,2667.9,2827.9,689.4,698.1,561.3,335.1,1201.1,1394.9,1188.1,1005.0,1742.4,12019.8,10842.8,4886.7,370.4,750.2,610.7,625.3,553.5,563.4,9306.5,14263.0,19042.3,10428.0
Забайкальский край,24.5,24.3,21.1,1429.3,1951.6,1542.1,8208.4,9645.9,5497.7,5228.6,5922.7,6857.8,7348.2,6476.5,2481.2,2127.9,2789.4,3017.8,5968.3,6621.8,6665.6,1924.7,3169.3,2776.8,7684.8,7838.8,6560.3,4818.5,3420.3,1494.8,1840.0,2130.0,3319.3,526.3,807.2,114558.5,61038.2,8665.5,8311.5,8095.5,8657.4,8450.8,2391.0,601.7,552.9,840.5,1390.1,1675.1,1431.4,3449.0,3719.1,3497.2,4254.8,4579.2,3223.5,3060.2,3511.0,1492.3,1392.2,1740.7,1609.5,1874.6,2736.6,3537.2,3608.3,833.6,1293.3,1026.4,905.0,331.9,279.2,318.7,28.7,20.5,16.4,135211.2,120850.2,46795.8,36375.6,5689.2,2913.4,2669.8,2085.0,1969.0,979.3,907.3,4385.6,2032.8,1732.8,595.7,380.8,431.0,540.2,1105.3,1019.4,975.6,1628.3,4769.4,10327.9,8250.6,3595.7,546.5,1363.4,1183.0,1289.4,504.1,483.3,6744.5,14316.8,10808.6,6917.8
Камчатский край,25.0,0.0,0.0,2176.4,1163.1,917.6,9057.3,8728.1,6747.7,4522.4,3376.7,4993.4,8388.4,4131.8,1993.2,2114.3,1746.5,3099.8,4641.4,8729.6,2930.8,1960.0,2661.3,2333.6,7512.1,5823.4,3525.8,5618.2,6662.7,1737.2,1955.9,2001.8,1751.9,593.1,834.6,158446.8,90634.6,11457.8,5932.5,4817.4,4568.5,4892.0,2096.7,378.9,801.1,130.9,1242.9,2344.8,936.5,5741.0,4582.0,4855.1,8850.7,7288.1,3101.6,3632.8,3757.2,1256.0,1475.1,439.9,780.9,534.6,549.9,1519.2,1487.4,644.3,1061.8,1251.0,1434.1,461.9,407.3,352.6,14.6,7.9,7.5,155224.4,150539.9,50220.0,50038.9,8177.6,8645.0,5900.5,4892.0,2620.6,2128.0,1929.4,3605.1,3278.3,3216.2,691.0,571.9,902.7,606.0,1339.8,1208.0,1322.4,894.6,658.3,12432.3,14342.3,4168.6,356.7,1343.0,694.1,802.9,780.5,563.8,11068.4,13572.4,21154.7,7231.6
Приморский край,13.4,15.5,30.6,1807.7,1609.1,1415.7,7938.8,6660.5,7790.2,6207.7,4876.5,4848.1,4916.8,3758.3,1626.9,1515.9,4898.4,3843.4,6967.7,6012.6,5867.1,1458.1,5243.7,3769.6,9011.5,8440.5,7130.0,4803.0,4518.0,5295.0,2984.1,4897.3,3553.9,649.2,1689.2,139038.2,78741.6,11161.1,7540.0,4981.3,5185.7,4298.6,1276.8,482.0,386.0,586.6,1545.7,1256.7,1388.4,2278.9,2422.9,2734.7,4025.9,2984.4,2968.3,2462.5,2098.7,1448.8,1302.7,1072.4,1207.8,852.6,2015.1,1871.8,1495.6,673.8,651.1,653.2,1592.6,346.4,289.2,190.2,17.3,0.0,0.0,172457.1,157222.1,45774.8,45910.6,7312.8,5317.5,4244.7,4756.0,2170.9,2294.8,2309.2,3195.7,3153.5,3304.0,565.7,801.5,588.6,586.9,1061.4,1094.6,1142.4,1055.2,1292.8,11515.9,10495.6,3520.2,543.6,1195.6,1096.9,1529.3,650.8,638.3,10355.0,38850.4,34334.5,10655.9
Хабаровский край,3.3,3.2,0.0,1344.0,1287.5,967.4,7661.7,6921.9,7570.8,4845.3,4985.3,4040.1,4002.4,4579.7,1694.4,1730.1,2277.3,2012.0,4215.0,3419.2,2853.1,833.6,2140.6,1702.3,10833.8,7350.5,9375.3,3160.7,3365.8,2311.2,2075.1,2258.6,1809.4,257.9,709.6,121332.4,59438.8,11770.4,5524.1,7024.9,5565.4,3896.8,1214.8,430.6,571.4,547.4,1061.1,1036.1,1091.0,2013.9,2429.0,2806.5,4624.2,3992.9,2863.3,2323.9,2291.3,2078.7,1982.1,1048.9,862.0,731.2,2543.2,2335.7,1998.6,580.1,524.0,579.6,892.3,186.7,153.9,150.8,3.4,1.9,2.6,140477.8,122171.3,43275.2,41498.3,9419.1,5210.9,4088.2,6191.1,2388.8,2015.7,1925.1,3605.0,3314.8,3348.2,311.6,293.4,328.6,298.6,1007.1,1073.7,1283.3,846.9,1496.9,10627.6,11960.1,4196.3,370.5,879.2,709.6,554.3,319.4,370.1,12326.4,22020.3,19673.0,8114.9
Амурская область,22.4,13.3,4.4,2262.3,1659.9,1327.3,7406.4,6456.3,5676.8,5513.1,6046.2,5598.9,5698.0,7368.7,3096.9,3250.4,3583.1,3530.2,5578.2,5384.7,5042.2,2672.0,3407.6,3219.5,8230.3,8542.9,8048.7,4582.3,3357.1,4226.2,4570.5,4445.1,3928.1,784.4,1664.6,117329.4,76144.8,11277.5,10908.3,10932.2,10072.6,10637.3,6626.4,1170.3,1053.4,1178.1,2353.3,2012.0,2072.6,2458.1,2592.8,2366.5,4915.7,5482.7,3237.3,3982.8,3928.1,1857.6,2089.2,2136.6,2018.6,1733.7,4548.9,3265.4,4317.2,936.1,1069.4,881.6,1878.3,576.9,684.4,913.4,30.4,26.1,25.3,152062.8,156230.0,52526.3,52186.1,8362.1,4142.1,4997.1,4341.8,1936.1,1695.7,1618.2,4484.5,3048.4,3208.1,407.1,643.3,498.9,557.1,1206.1,1131.7,1093.6,1355.9,3762.0,11590.4,11330.7,4011.1,531.2,1624.5,1331.2,1884.3,455.9,396.8,9459.6,18137.3,18501.7,8499.3
Магаданская область,0.0,0.0,0.0,6856.0,3678.6,1531.1,19185.7,8617.2,6986.8,4960.9,5824.6,4977.9,4090.1,5471.1,1958.6,1950.9,1430.8,799.8,3931.1,2068.0,1089.7,1252.4,1845.2,1264.0,5117.5,3561.6,4767.3,5401.4,6109.8,1786.6,1096.3,2605.3,1452.9,477.4,803.7,128276.0,58501.7,9665.7,4253.3,2930.9,3446.7,3110.1,869.8,1000.8,967.5,202.5,1488.7,298.7,817.3,1955.3,2030.3,1753.9,4472.2,9289.8,2372.6,1240.8,1906.9,1308.0,1032.2,1485.5,1599.6,1047.3,2000.5,1309.7,1748.0,1341.0,970.8,1145.7,1137.6,558.3,367.6,385.9,14.4,16.2,10.3,115236.1,102133.9,50384.1,43461.8,12874.5,4605.7,2665.4,3700.3,2471.4,2452.6,2557.3,4733.7,4273.5,4581.6,210.2,442.0,459.6,204.3,981.5,1010.0,1176.7,1143.9,1798.8,9448.8,8536.9,2962.0,633.3,1171.9,908.1,977.0,519.5,417.2,11411.5,19655.7,12031.8,11493.4
Сахалинская область,48.5,23.8,31.3,3827.9,3777.3,2615.4,11902.9,11563.2,10566.6,4639.6,5810.1,4062.0,5039.1,7150.7,2123.2,2112.8,1929.4,1859.8,4196.2,6492.5,6895.0,4073.1,2988.2,3280.6,5783.7,6824.6,6434.9,4740.0,5559.9,3688.5,4566.9,1982.6,2498.0,676.3,1121.8,130391.7,94105.6,11906.2,15465.0,12305.3,13560.6,10415.6,4997.2,397.5,530.2,393.7,1073.3,1114.1,1073.7,2582.7,2745.3,2678.6,4671.5,3619.0,2668.3,2397.8,2227.7,1096.5,1346.4,915.6,1443.1,1283.2,1982.6,1851.9,2629.5,914.6,1524.8,1260.4,1217.3,216.1,214.0,197.2,7.7,60.4,9.6,151770.1,161025.5,47215.3,53149.6,9974.1,5984.9,4891.5,4579.7,2547.9,2188.5,2143.6,2683.0,3627.2,3575.1,861.6,812.4,752.5,774.2,1485.5,1388.0,1531.8,1474.1,1402.4,12072.3,12543.8,4179.1,638.8,1254.2,861.9,1647.2,566.0,507.4,6397.4,11172.4,10174.6,7325.0
Еврейская автономная область,0.0,20.8,20.5,2015.1,2137.0,961.9,7407.7,7422.9,5895.3,3201.5,5644.0,2082.5,3588.5,5154.4,1360.6,1146.6,1084.7,1016.0,4453.6,2198.7,3318.0,3273.6,1931.4,2044.3,8577.3,4708.6,4653.6,6644.7,4386.0,2632.9,3121.9,1381.4,1627.7,414.8,758.5,100061.8,60830.6,7543.1,5420.3,5443.3,3712.9,6719.5,1218.4,565.5,1376.2,1395.7,2226.8,2841.7,3485.0,2190.5,2474.2,3251.8,4193.4,3352.7,2412.4,1970.5,2462.4,891.3,663.4,370.8,427.9,420.2,1876.3,1638.7,1690.3,802.1,699.5,943.9,3402.3,845.4,352.6,354.8,3.0,4.6,1.6,112659.8,111686.1,43895.9,42665.5,10252.3,5546.4,4978.2,3902.3,3167.9,2699.7,2541.8,3233.9,4232.1,4329.4,386.5,309.3,311.1,438.2,1367.1,1613.8,1645.3,929.7,2536.7,9388.1,8536.1,3744.3,883.8,912.7,688.6,639.2,471.9,627.7,5006.1,8659.8,7074.3,8757.7
Чукотский автономный округ,56.3,0.0,111.5,1278.0,1174.6,2462.5,4050.3,4288.1,7177.7,6672.9,10303.1,9233.2,6724.5,11904.8,2406.6,3238.9,2221.2,3969.5,3964.5,4570.5,11957.7,4651.7,2044.6,1952.2,4329.7,4990.8,6507.9,6901.2,7866.6,4461.0,2686.6,3755.9,5079.4,1956.7,2623.7,151756.5,124761.9,27097.3,9451.7,5164.3,8930.9,6084.7,2567.2,325.3,1617.6,2129.4,1095.5,3204.6,3703.7,3547.0,3364.5,3380.2,5808.6,8796.7,5007.8,4780.7,4709.0,2377.0,2311.2,641.3,957.5,446.3,678.1,2364.1,2698.4,1748.4,1671.6,1460.8,492.6,365.2,683.0,582.0,21.1,34.5,26.7,172978.6,218571.4,67237.1,77829.0,4731.8,2816.9,3204.6,5291.0,2065.3,1562.8,1703.4,3207.1,2302.0,3331.5,799.7,1304.1,683.0,634.9,1658.6,1379.7,1642.1,835.0,2101.5,10241.6,10537.3,5155.4,1607.8,2836.9,2381.0,2660.4,995.7,869.0,14204.7,26708.4,19206.3,11213.1
Архангельская область,10.5,6.9,13.8,2445.9,1675.6,1063.1,13562.6,14355.0,12571.3,9345.5,9403.6,7063.5,7141.1,7387.0,3171.1,3389.2,6602.3,7352.2,9091.8,9854.1,11117.6,3465.6,3921.7,4557.5,10012.8,10246.7,9946.1,6745.5,5587.9,3610.2,3642.1,5667.5,5150.5,816.0,1471.7,164748.4,106154.2,17064.4,13996.1,10866.5,11804.3,11446.7,2572.7,1346.9,1716.4,1662.5,3087.3,2999.3,2930.3,2612.6,2771.7,2608.0,9159.6,7701.5,4011.6,4302.7,3737.1,2446.6,2399.2,1469.1,1828.2,2188.0,2015.4,3752.4,3265.9,1001.3,1223.8,1102.3,2087.2,372.3,502.0,419.5,17.4,13.3,9.8,216059.1,202868.9,61181.4,60817.2,12567.3,5388.3,4814.4,5060.2,2028.9,1752.9,1999.4,3962.7,3702.9,4005.5,939.4,966.0,856.0,1194.0,1179.1,1186.2,1171.8,1121.4,4145.0,13299.6,10051.3,3562.7,879.3,1123.1,1094.0,1286.9,574.4,648.1,16075.2,45157.3,22793.4,11404.9
Тюменская область,42.5,27.6,37.8,1458.2,1821.5,1368.8,7102.6,6769.8,5416.7,3832.2,4829.7,10155.6,8265.5,8147.7,2088.2,2102.9,2370.6,1860.1,6847.9,6450.0,7104.8,1829.0,1278.7,991.9,3806.4,3021.5,3476.3,5201.9,3803.5,2793.3,1643.4,3413.6,3179.4,981.3,1397.5,90142.8,65475.8,13104.5,3277.1,4648.8,3300.6,4138.5,1591.5,484.9,500.8,500.3,1387.7,1303.3,1507.2,2937.5,3202.9,3007.6,4000.8,4040.9,3581.6,3300.6,3796.0,1385.3,1467.7,275.5,393.4,510.4,1330.8,1467.2,2144.1,807.1,1866.7,2284.1,172.3,118.9,84.5,159.9,3.8,2.3,4.6,130296.1,125333.7,43412.1,44116.6,5564.1,3088.0,2604.1,3796.0,2099.6,2212.0,2306.8,3725.3,2876.8,2966.7,198.5,351.4,350.8,416.1,1017.9,1213.3,1345.0,1733.4,2941.9,10826.3,10680.2,3214.7,1090.8,1113.8,1075.9,1261.0,331.9,261.1,4415.4,12633.7,12017.3,5016.1
